{
    "logs": [
        {
            "outputFile": "C:\\Users\\jakem\\Documents\\QHacksv4\\app\\build\\intermediates\\incremental\\mergeDebugResources\\merged.dir\\values-mr\\values-mr.xml",
            "map": [
                {
                    "source": "C:\\Users\\jakem\\.gradle\\caches\\transforms-1\\files-1.1\\play-services-base-16.0.1.aar\\4c1a75ebcf46fecf071dc88fe60dc52b\\res\\values-mr\\values.xml",
                    "from": {
                        "startLines": "4,5,6,7,8,9,10,11,12,13,14,15,16,17,18,19,20",
                        "startColumns": "0,0,0,0,0,0,0,0,0,0,0,0,0,0,0,0,0",
                        "startOffsets": "245,350,549,670,780,984,1103,1237,1359,1568,1674,1859,1981,2179,2358,2444,2536",
                        "endColumns": "104,198,120,109,203,118,133,121,208,105,184,121,197,178,85,91,105",
                        "endOffsets": "349,548,669,779,983,1102,1236,1358,1567,1673,1858,1980,2178,2357,2443,2535,2641"
                    },
                    "to": {
                        "startLines": "29,30,31,32,33,34,35,36,38,39,40,41,42,43,44,45,46",
                        "startColumns": "4,4,4,4,4,4,4,4,4,4,4,4,4,4,4,4,4",
                        "startOffsets": "2807,2916,3115,3240,3354,3558,3681,3819,4147,4356,4466,4651,4777,4975,5158,5248,5344",
                        "endColumns": "108,198,124,113,203,122,137,125,208,109,184,125,197,182,89,95,109",
                        "endOffsets": "2911,3110,3235,3349,3553,3676,3814,3940,4351,4461,4646,4772,4970,5153,5243,5339,5449"
                    }
                },
                {
                    "source": "C:\\Users\\jakem\\.gradle\\caches\\transforms-1\\files-1.1\\play-services-basement-16.1.0.aar\\f5eae91698546f43435c5b08dbeacdf4\\res\\values-mr\\values.xml",
                    "from": {
                        "startLines": "4",
                        "startColumns": "0",
                        "startOffsets": "247",
                        "endColumns": "201",
                        "endOffsets": "448"
                    },
                    "to": {
                        "startLines": "37",
                        "startColumns": "4",
                        "startOffsets": "3945",
                        "endColumns": "201",
                        "endOffsets": "4142"
                    }
                },
                {
                    "source": "C:\\Users\\jakem\\.gradle\\caches\\transforms-1\\files-1.1\\appcompat-v7-28.0.0.aar\\da2bbcc53c8ccf429f2c5683d6597b93\\res\\values-mr\\values-mr.xml",
                    "from": {
                        "startLines": "2,3,4,5,6,7,8,9,10,11,12,13,14,15,16,17,18,19,20,21,22,23,24,25,26,27,28,29",
                        "startColumns": "4,4,4,4,4,4,4,4,4,4,4,4,4,4,4,4,4,4,4,4,4,4,4,4,4,4,4,4",
                        "startOffsets": "105,216,322,429,519,620,735,812,890,981,1074,1168,1265,1366,1459,1554,1651,1742,1833,1913,2025,2127,2223,2332,2433,2545,2702,2807",
                        "endColumns": "110,105,106,89,100,114,76,77,90,92,93,96,100,92,94,96,90,90,79,111,101,95,108,100,111,156,104,79",
                        "endOffsets": "211,317,424,514,615,730,807,885,976,1069,1163,1260,1361,1454,1549,1646,1737,1828,1908,2020,2122,2218,2327,2428,2540,2697,2802,2882"
                    },
                    "to": {
                        "startLines": "2,3,4,5,6,7,8,9,10,11,12,13,14,15,16,17,18,19,20,21,22,23,24,25,26,27,28,47",
                        "startColumns": "4,4,4,4,4,4,4,4,4,4,4,4,4,4,4,4,4,4,4,4,4,4,4,4,4,4,4,4",
                        "startOffsets": "105,216,322,429,519,620,735,812,890,981,1074,1168,1265,1366,1459,1554,1651,1742,1833,1913,2025,2127,2223,2332,2433,2545,2702,5454",
                        "endColumns": "110,105,106,89,100,114,76,77,90,92,93,96,100,92,94,96,90,90,79,111,101,95,108,100,111,156,104,79",
                        "endOffsets": "211,317,424,514,615,730,807,885,976,1069,1163,1260,1361,1454,1549,1646,1737,1828,1908,2020,2122,2218,2327,2428,2540,2697,2802,5529"
                    }
                },
                {
                    "source": "C:\\Users\\jakem\\.gradle\\caches\\transforms-1\\files-1.1\\support-compat-28.0.0.aar\\0f8cbfc763fb8693934434fbafc8a96b\\res\\values-mr\\values-mr.xml",
                    "from": {
                        "startLines": "2",
                        "startColumns": "4",
                        "startOffsets": "55",
                        "endColumns": "100",
                        "endOffsets": "151"
                    },
                    "to": {
                        "startLines": "48",
                        "startColumns": "4",
                        "startOffsets": "5534",
                        "endColumns": "100",
                        "endOffsets": "5630"
                    }
                }
            ]
        }
    ]
}