{
    "logs": [
        {
            "outputFile": "C:\\Users\\jakem\\Documents\\QHacksv4\\app\\build\\intermediates\\incremental\\mergeDebugResources\\merged.dir\\values-or\\values-or.xml",
            "map": [
                {
                    "source": "C:\\Users\\jakem\\.gradle\\caches\\transforms-1\\files-1.1\\play-services-basement-16.1.0.aar\\f5eae91698546f43435c5b08dbeacdf4\\res\\values-or\\values.xml",
                    "from": {
                        "startLines": "4",
                        "startColumns": "0",
                        "startOffsets": "247",
                        "endColumns": "198",
                        "endOffsets": "445"
                    },
                    "to": {
                        "startLines": "37",
                        "startColumns": "4",
                        "startOffsets": "4044",
                        "endColumns": "198",
                        "endOffsets": "4238"
                    }
                },
                {
                    "source": "C:\\Users\\jakem\\.gradle\\caches\\transforms-1\\files-1.1\\appcompat-v7-28.0.0.aar\\da2bbcc53c8ccf429f2c5683d6597b93\\res\\values-or\\values-or.xml",
                    "from": {
                        "startLines": "2,3,4,5,6,7,8,9,10,11,12,13,14,15,16,17,18,19,20,21,22,23,24,25,26,27,28,29",
                        "startColumns": "4,4,4,4,4,4,4,4,4,4,4,4,4,4,4,4,4,4,4,4,4,4,4,4,4,4,4,4",
                        "startOffsets": "105,224,334,441,527,631,751,828,905,996,1089,1186,1281,1382,1475,1570,1666,1757,1847,1929,2039,2144,2250,2361,2464,2582,2745,2847",
                        "endColumns": "118,109,106,85,103,119,76,76,90,92,96,94,100,92,94,95,90,89,81,109,104,105,110,102,117,162,101,88",
                        "endOffsets": "219,329,436,522,626,746,823,900,991,1084,1181,1276,1377,1470,1565,1661,1752,1842,1924,2034,2139,2245,2356,2459,2577,2740,2842,2931"
                    },
                    "to": {
                        "startLines": "2,3,4,5,6,7,8,9,10,11,12,13,14,15,16,17,18,19,20,21,22,23,24,25,26,27,28,47",
                        "startColumns": "4,4,4,4,4,4,4,4,4,4,4,4,4,4,4,4,4,4,4,4,4,4,4,4,4,4,4,4",
                        "startOffsets": "105,224,334,441,527,631,751,828,905,996,1089,1186,1281,1382,1475,1570,1666,1757,1847,1929,2039,2144,2250,2361,2464,2582,2745,5625",
                        "endColumns": "118,109,106,85,103,119,76,76,90,92,96,94,100,92,94,95,90,89,81,109,104,105,110,102,117,162,101,88",
                        "endOffsets": "219,329,436,522,626,746,823,900,991,1084,1181,1276,1377,1470,1565,1661,1752,1842,1924,2034,2139,2245,2356,2459,2577,2740,2842,5709"
                    }
                },
                {
                    "source": "C:\\Users\\jakem\\.gradle\\caches\\transforms-1\\files-1.1\\support-compat-28.0.0.aar\\0f8cbfc763fb8693934434fbafc8a96b\\res\\values-or\\values-or.xml",
                    "from": {
                        "startLines": "2",
                        "startColumns": "4",
                        "startOffsets": "55",
                        "endColumns": "100",
                        "endOffsets": "151"
                    },
                    "to": {
                        "startLines": "48",
                        "startColumns": "4",
                        "startOffsets": "5714",
                        "endColumns": "100",
                        "endOffsets": "5810"
                    }
                },
                {
                    "source": "C:\\Users\\jakem\\.gradle\\caches\\transforms-1\\files-1.1\\play-services-base-16.0.1.aar\\4c1a75ebcf46fecf071dc88fe60dc52b\\res\\values-or\\values.xml",
                    "from": {
                        "startLines": "4,5,6,7,8,9,10,11,12,13,14,15,16,17,18,19,20",
                        "startColumns": "0,0,0,0,0,0,0,0,0,0,0,0,0,0,0,0,0",
                        "startOffsets": "245,354,547,678,793,1008,1142,1283,1418,1645,1756,1948,2080,2291,2475,2566,2664",
                        "endColumns": "108,192,130,114,214,133,140,134,226,110,191,131,210,183,90,97,111",
                        "endOffsets": "353,546,677,792,1007,1141,1282,1417,1644,1755,1947,2079,2290,2474,2565,2663,2775"
                    },
                    "to": {
                        "startLines": "29,30,31,32,33,34,35,36,38,39,40,41,42,43,44,45,46",
                        "startColumns": "4,4,4,4,4,4,4,4,4,4,4,4,4,4,4,4,4",
                        "startOffsets": "2847,2960,3153,3288,3407,3622,3760,3905,4243,4470,4585,4777,4913,5124,5312,5407,5509",
                        "endColumns": "112,192,134,118,214,137,144,138,226,114,191,135,210,187,94,101,115",
                        "endOffsets": "2955,3148,3283,3402,3617,3755,3900,4039,4465,4580,4772,4908,5119,5307,5402,5504,5620"
                    }
                }
            ]
        }
    ]
}