{
    "logs": [
        {
            "outputFile": "C:\\Users\\jakem\\Documents\\QHacksv4\\app\\build\\intermediates\\incremental\\mergeDebugResources\\merged.dir\\values-b+sr+Latn\\values-b+sr+Latn.xml",
            "map": [
                {
                    "source": "C:\\Users\\jakem\\.gradle\\caches\\transforms-1\\files-1.1\\appcompat-v7-28.0.0.aar\\da2bbcc53c8ccf429f2c5683d6597b93\\res\\values-b+sr+Latn\\values-b+sr+Latn.xml",
                    "from": {
                        "startLines": "2,3,4,5,6,7,8,9,10,11,12,13,14,15,16,17,18,19,20,21,22,23,24,25,26,27,28,29",
                        "startColumns": "4,4,4,4,4,4,4,4,4,4,4,4,4,4,4,4,4,4,4,4,4,4,4,4,4,4,4,4",
                        "startOffsets": "105,214,318,424,510,614,732,814,895,986,1079,1175,1269,1370,1463,1558,1663,1754,1845,1933,2039,2147,2248,2353,2461,2562,2731,2828",
                        "endColumns": "108,103,105,85,103,117,81,80,90,92,95,93,100,92,94,104,90,90,87,105,107,100,104,107,100,168,96,83",
                        "endOffsets": "209,313,419,505,609,727,809,890,981,1074,1170,1264,1365,1458,1553,1658,1749,1840,1928,2034,2142,2243,2348,2456,2557,2726,2823,2907"
                    },
                    "to": {
                        "startLines": "2,3,4,5,6,7,8,9,10,11,12,13,14,15,16,17,18,19,20,21,22,23,24,25,26,27,28,47",
                        "startColumns": "4,4,4,4,4,4,4,4,4,4,4,4,4,4,4,4,4,4,4,4,4,4,4,4,4,4,4,4",
                        "startOffsets": "105,214,318,424,510,614,732,814,895,986,1079,1175,1269,1370,1463,1558,1663,1754,1845,1933,2039,2147,2248,2353,2461,2562,2731,5487",
                        "endColumns": "108,103,105,85,103,117,81,80,90,92,95,93,100,92,94,104,90,90,87,105,107,100,104,107,100,168,96,83",
                        "endOffsets": "209,313,419,505,609,727,809,890,981,1074,1170,1264,1365,1458,1553,1658,1749,1840,1928,2034,2142,2243,2348,2456,2557,2726,2823,5566"
                    }
                },
                {
                    "source": "C:\\Users\\jakem\\.gradle\\caches\\transforms-1\\files-1.1\\support-compat-28.0.0.aar\\0f8cbfc763fb8693934434fbafc8a96b\\res\\values-b+sr+Latn\\values-b+sr+Latn.xml",
                    "from": {
                        "startLines": "2",
                        "startColumns": "4",
                        "startOffsets": "55",
                        "endColumns": "100",
                        "endOffsets": "151"
                    },
                    "to": {
                        "startLines": "48",
                        "startColumns": "4",
                        "startOffsets": "5571",
                        "endColumns": "100",
                        "endOffsets": "5667"
                    }
                },
                {
                    "source": "C:\\Users\\jakem\\.gradle\\caches\\transforms-1\\files-1.1\\play-services-base-16.0.1.aar\\4c1a75ebcf46fecf071dc88fe60dc52b\\res\\values-b+sr+Latn\\values.xml",
                    "from": {
                        "startLines": "4,5,6,7,8,9,10,11,12,13,14,15,16,17,18,19,20",
                        "startColumns": "0,0,0,0,0,0,0,0,0,0,0,0,0,0,0,0,0",
                        "startOffsets": "252,356,544,668,776,989,1114,1252,1379,1587,1692,1883,2008,2216,2384,2478,2569",
                        "endColumns": "103,187,123,107,212,124,137,126,207,104,190,124,207,167,93,90,104",
                        "endOffsets": "355,543,667,775,988,1113,1251,1378,1586,1691,1882,2007,2215,2383,2477,2568,2673"
                    },
                    "to": {
                        "startLines": "29,30,31,32,33,34,35,36,38,39,40,41,42,43,44,45,46",
                        "startColumns": "4,4,4,4,4,4,4,4,4,4,4,4,4,4,4,4,4",
                        "startOffsets": "2828,2936,3124,3252,3364,3577,3706,3848,4168,4376,4485,4676,4805,5013,5185,5283,5378",
                        "endColumns": "107,187,127,111,212,128,141,130,207,108,190,128,207,171,97,94,108",
                        "endOffsets": "2931,3119,3247,3359,3572,3701,3843,3974,4371,4480,4671,4800,5008,5180,5278,5373,5482"
                    }
                },
                {
                    "source": "C:\\Users\\jakem\\.gradle\\caches\\transforms-1\\files-1.1\\play-services-basement-16.1.0.aar\\f5eae91698546f43435c5b08dbeacdf4\\res\\values-b+sr+Latn\\values.xml",
                    "from": {
                        "startLines": "4",
                        "startColumns": "0",
                        "startOffsets": "254",
                        "endColumns": "188",
                        "endOffsets": "442"
                    },
                    "to": {
                        "startLines": "37",
                        "startColumns": "4",
                        "startOffsets": "3979",
                        "endColumns": "188",
                        "endOffsets": "4163"
                    }
                }
            ]
        }
    ]
}