{
    "logs": [
        {
            "outputFile": "C:\\Users\\jakem\\Documents\\QHacksv4\\app\\build\\intermediates\\incremental\\mergeDebugResources\\merged.dir\\values-hr\\values-hr.xml",
            "map": [
                {
                    "source": "C:\\Users\\jakem\\.gradle\\caches\\transforms-1\\files-1.1\\play-services-basement-16.1.0.aar\\f5eae91698546f43435c5b08dbeacdf4\\res\\values-hr\\values.xml",
                    "from": {
                        "startLines": "4",
                        "startColumns": "0",
                        "startOffsets": "247",
                        "endColumns": "190",
                        "endOffsets": "437"
                    },
                    "to": {
                        "startLines": "37",
                        "startColumns": "4",
                        "startOffsets": "4007",
                        "endColumns": "190",
                        "endOffsets": "4193"
                    }
                },
                {
                    "source": "C:\\Users\\jakem\\.gradle\\caches\\transforms-1\\files-1.1\\play-services-base-16.0.1.aar\\4c1a75ebcf46fecf071dc88fe60dc52b\\res\\values-hr\\values.xml",
                    "from": {
                        "startLines": "4,5,6,7,8,9,10,11,12,13,14,15,16,17,18,19,20",
                        "startColumns": "0,0,0,0,0,0,0,0,0,0,0,0,0,0,0,0,0",
                        "startOffsets": "245,349,538,666,774,990,1118,1259,1391,1600,1705,1893,2019,2225,2394,2488,2576",
                        "endColumns": "103,188,127,107,215,127,140,131,208,104,187,125,205,168,93,87,105",
                        "endOffsets": "348,537,665,773,989,1117,1258,1390,1599,1704,1892,2018,2224,2393,2487,2575,2681"
                    },
                    "to": {
                        "startLines": "29,30,31,32,33,34,35,36,38,39,40,41,42,43,44,45,46",
                        "startColumns": "4,4,4,4,4,4,4,4,4,4,4,4,4,4,4,4,4",
                        "startOffsets": "2837,2945,3134,3266,3378,3594,3726,3871,4198,4407,4516,4704,4834,5040,5213,5311,5403",
                        "endColumns": "107,188,131,111,215,131,144,135,208,108,187,129,205,172,97,91,109",
                        "endOffsets": "2940,3129,3261,3373,3589,3721,3866,4002,4402,4511,4699,4829,5035,5208,5306,5398,5508"
                    }
                },
                {
                    "source": "C:\\Users\\jakem\\.gradle\\caches\\transforms-1\\files-1.1\\appcompat-v7-28.0.0.aar\\da2bbcc53c8ccf429f2c5683d6597b93\\res\\values-hr\\values-hr.xml",
                    "from": {
                        "startLines": "2,3,4,5,6,7,8,9,10,11,12,13,14,15,16,17,18,19,20,21,22,23,24,25,26,27,28,29",
                        "startColumns": "4,4,4,4,4,4,4,4,4,4,4,4,4,4,4,4,4,4,4,4,4,4,4,4,4,4,4,4",
                        "startOffsets": "105,210,307,417,503,607,726,810,893,984,1077,1173,1267,1368,1461,1556,1655,1746,1837,1923,2027,2140,2246,2351,2464,2571,2740,2837",
                        "endColumns": "104,96,109,85,103,118,83,82,90,92,95,93,100,92,94,98,90,90,85,103,112,105,104,112,106,168,96,88",
                        "endOffsets": "205,302,412,498,602,721,805,888,979,1072,1168,1262,1363,1456,1551,1650,1741,1832,1918,2022,2135,2241,2346,2459,2566,2735,2832,2921"
                    },
                    "to": {
                        "startLines": "2,3,4,5,6,7,8,9,10,11,12,13,14,15,16,17,18,19,20,21,22,23,24,25,26,27,28,47",
                        "startColumns": "4,4,4,4,4,4,4,4,4,4,4,4,4,4,4,4,4,4,4,4,4,4,4,4,4,4,4,4",
                        "startOffsets": "105,210,307,417,503,607,726,810,893,984,1077,1173,1267,1368,1461,1556,1655,1746,1837,1923,2027,2140,2246,2351,2464,2571,2740,5513",
                        "endColumns": "104,96,109,85,103,118,83,82,90,92,95,93,100,92,94,98,90,90,85,103,112,105,104,112,106,168,96,88",
                        "endOffsets": "205,302,412,498,602,721,805,888,979,1072,1168,1262,1363,1456,1551,1650,1741,1832,1918,2022,2135,2241,2346,2459,2566,2735,2832,5597"
                    }
                },
                {
                    "source": "C:\\Users\\jakem\\.gradle\\caches\\transforms-1\\files-1.1\\support-compat-28.0.0.aar\\0f8cbfc763fb8693934434fbafc8a96b\\res\\values-hr\\values-hr.xml",
                    "from": {
                        "startLines": "2",
                        "startColumns": "4",
                        "startOffsets": "55",
                        "endColumns": "100",
                        "endOffsets": "151"
                    },
                    "to": {
                        "startLines": "48",
                        "startColumns": "4",
                        "startOffsets": "5602",
                        "endColumns": "100",
                        "endOffsets": "5698"
                    }
                }
            ]
        }
    ]
}