{
    "logs": [
        {
            "outputFile": "C:\\Users\\jakem\\Documents\\QHacksv4\\app\\build\\intermediates\\incremental\\mergeDebugResources\\merged.dir\\values-si\\values-si.xml",
            "map": [
                {
                    "source": "C:\\Users\\jakem\\.gradle\\caches\\transforms-1\\files-1.1\\appcompat-v7-28.0.0.aar\\da2bbcc53c8ccf429f2c5683d6597b93\\res\\values-si\\values-si.xml",
                    "from": {
                        "startLines": "2,3,4,5,6,7,8,9,10,11,12,13,14,15,16,17,18,19,20,21,22,23,24,25,26,27,28,29",
                        "startColumns": "4,4,4,4,4,4,4,4,4,4,4,4,4,4,4,4,4,4,4,4,4,4,4,4,4,4,4,4",
                        "startOffsets": "105,215,322,429,517,622,738,827,914,1005,1098,1193,1287,1388,1481,1576,1670,1761,1852,1936,2045,2150,2248,2358,2457,2563,2722,2821",
                        "endColumns": "109,106,106,87,104,115,88,86,90,92,94,93,100,92,94,93,90,90,83,108,104,97,109,98,105,158,98,81",
                        "endOffsets": "210,317,424,512,617,733,822,909,1000,1093,1188,1282,1383,1476,1571,1665,1756,1847,1931,2040,2145,2243,2353,2452,2558,2717,2816,2898"
                    },
                    "to": {
                        "startLines": "2,3,4,5,6,7,8,9,10,11,12,13,14,15,16,17,18,19,20,21,22,23,24,25,26,27,28,47",
                        "startColumns": "4,4,4,4,4,4,4,4,4,4,4,4,4,4,4,4,4,4,4,4,4,4,4,4,4,4,4,4",
                        "startOffsets": "105,215,322,429,517,622,738,827,914,1005,1098,1193,1287,1388,1481,1576,1670,1761,1852,1936,2045,2150,2248,2358,2457,2563,2722,5500",
                        "endColumns": "109,106,106,87,104,115,88,86,90,92,94,93,100,92,94,93,90,90,83,108,104,97,109,98,105,158,98,81",
                        "endOffsets": "210,317,424,512,617,733,822,909,1000,1093,1188,1282,1383,1476,1571,1665,1756,1847,1931,2040,2145,2243,2353,2452,2558,2717,2816,5577"
                    }
                },
                {
                    "source": "C:\\Users\\jakem\\.gradle\\caches\\transforms-1\\files-1.1\\play-services-basement-16.1.0.aar\\f5eae91698546f43435c5b08dbeacdf4\\res\\values-si\\values.xml",
                    "from": {
                        "startLines": "4",
                        "startColumns": "0",
                        "startOffsets": "247",
                        "endColumns": "197",
                        "endOffsets": "444"
                    },
                    "to": {
                        "startLines": "37",
                        "startColumns": "4",
                        "startOffsets": "3958",
                        "endColumns": "197",
                        "endOffsets": "4151"
                    }
                },
                {
                    "source": "C:\\Users\\jakem\\.gradle\\caches\\transforms-1\\files-1.1\\play-services-base-16.0.1.aar\\4c1a75ebcf46fecf071dc88fe60dc52b\\res\\values-si\\values.xml",
                    "from": {
                        "startLines": "4,5,6,7,8,9,10,11,12,13,14,15,16,17,18,19,20",
                        "startColumns": "0,0,0,0,0,0,0,0,0,0,0,0,0,0,0,0,0",
                        "startOffsets": "245,351,537,659,770,971,1093,1235,1358,1568,1681,1868,1997,2200,2387,2486,2573",
                        "endColumns": "105,185,121,110,200,121,141,122,209,112,186,128,202,186,98,86,104",
                        "endOffsets": "350,536,658,769,970,1092,1234,1357,1567,1680,1867,1996,2199,2386,2485,2572,2677"
                    },
                    "to": {
                        "startLines": "29,30,31,32,33,34,35,36,38,39,40,41,42,43,44,45,46",
                        "startColumns": "4,4,4,4,4,4,4,4,4,4,4,4,4,4,4,4,4",
                        "startOffsets": "2821,2931,3117,3243,3358,3559,3685,3831,4156,4366,4483,4670,4803,5006,5197,5300,5391",
                        "endColumns": "109,185,125,114,200,125,145,126,209,116,186,132,202,190,102,90,108",
                        "endOffsets": "2926,3112,3238,3353,3554,3680,3826,3953,4361,4478,4665,4798,5001,5192,5295,5386,5495"
                    }
                },
                {
                    "source": "C:\\Users\\jakem\\.gradle\\caches\\transforms-1\\files-1.1\\support-compat-28.0.0.aar\\0f8cbfc763fb8693934434fbafc8a96b\\res\\values-si\\values-si.xml",
                    "from": {
                        "startLines": "2",
                        "startColumns": "4",
                        "startOffsets": "55",
                        "endColumns": "100",
                        "endOffsets": "151"
                    },
                    "to": {
                        "startLines": "48",
                        "startColumns": "4",
                        "startOffsets": "5582",
                        "endColumns": "100",
                        "endOffsets": "5678"
                    }
                }
            ]
        }
    ]
}