{
    "logs": [
        {
            "outputFile": "C:\\Users\\jakem\\Documents\\QHacksv4\\app\\build\\intermediates\\incremental\\mergeDebugResources\\merged.dir\\values-sw600dp-v13\\values-sw600dp-v13.xml",
            "map": [
                {
                    "source": "C:\\Users\\jakem\\.gradle\\caches\\transforms-1\\files-1.1\\appcompat-v7-28.0.0.aar\\da2bbcc53c8ccf429f2c5683d6597b93\\res\\values-sw600dp-v13\\values-sw600dp-v13.xml",
                    "from": {
                        "startLines": "2,3,4,5,6,7,8,9",
                        "startColumns": "4,4,4,4,4,4,4,4",
                        "startOffsets": "55,124,193,263,337,413,472,543",
                        "endColumns": "68,68,69,73,75,58,70,67",
                        "endOffsets": "119,188,258,332,408,467,538,606"
                    }
                }
            ]
        }
    ]
}