{
    "logs": [
        {
            "outputFile": "C:\\Users\\jakem\\Documents\\QHacksv4\\app\\build\\intermediates\\incremental\\mergeDebugResources\\merged.dir\\values\\values.xml",
            "map": [
                {
                    "source": "C:\\Users\\jakem\\.gradle\\caches\\transforms-1\\files-1.1\\coordinatorlayout-28.0.0.aar\\f38f0fe109aac02fc8377f035c4a4df1\\res\\values\\values.xml",
                    "from": {
                        "startLines": "-1,-1",
                        "startColumns": "-1,-1",
                        "startOffsets": "-1,-1"
                    },
                    "to": {
                        "startLines": "15,1888",
                        "startColumns": "4,4",
                        "startOffsets": "664,125148",
                        "endLines": "15,1890",
                        "endColumns": "60,12",
                        "endOffsets": "720,125288"
                    }
                },
                {
                    "source": "C:\\Users\\jakem\\.gradle\\caches\\transforms-1\\files-1.1\\support-media-compat-26.1.0.aar\\90378af979ba5229c2f104795de12fd6\\res\\values\\values.xml",
                    "from": {
                        "startLines": "-1,-1,-1,-1,-1,-1",
                        "startColumns": "-1,-1,-1,-1,-1,-1",
                        "startOffsets": "-1,-1,-1,-1,-1,-1"
                    },
                    "to": {
                        "startLines": "188,1739,1741,1742,1747,1749",
                        "startColumns": "4,4,4,4,4,4",
                        "startOffsets": "9973,113361,113537,113659,113921,114116",
                        "endColumns": "88,65,121,60,65,66",
                        "endOffsets": "10057,113422,113654,113715,113982,114178"
                    }
                },
                {
                    "source": "C:\\Users\\jakem\\.gradle\\caches\\transforms-1\\files-1.1\\support-compat-28.0.0.aar\\0f8cbfc763fb8693934434fbafc8a96b\\res\\values\\values.xml",
                    "from": {
                        "startLines": "-1,-1,-1,-1,-1,-1,-1,-1,-1,-1,-1,-1,-1,-1,-1,-1,-1,-1,-1,-1,-1,-1,-1,-1,-1,-1,-1,-1,-1,-1,-1,-1,-1,-1,-1,-1,-1,-1,-1,-1,-1,-1,-1",
                        "startColumns": "-1,-1,-1,-1,-1,-1,-1,-1,-1,-1,-1,-1,-1,-1,-1,-1,-1,-1,-1,-1,-1,-1,-1,-1,-1,-1,-1,-1,-1,-1,-1,-1,-1,-1,-1,-1,-1,-1,-1,-1,-1,-1,-1",
                        "startOffsets": "-1,-1,-1,-1,-1,-1,-1,-1,-1,-1,-1,-1,-1,-1,-1,-1,-1,-1,-1,-1,-1,-1,-1,-1,-1,-1,-1,-1,-1,-1,-1,-1,-1,-1,-1,-1,-1,-1,-1,-1,-1,-1,-1"
                    },
                    "to": {
                        "startLines": "186,187,284,285,286,287,288,289,290,300,301,302,303,304,305,306,307,308,309,310,311,312,313,314,323,324,330,331,335,336,337,338,339,340,347,415,1734,1735,1740,1743,1748,1886,1887",
                        "startColumns": "4,4,4,4,4,4,4,4,4,4,4,4,4,4,4,4,4,4,4,4,4,4,4,4,4,4,4,4,4,4,4,4,4,4,4,4,4,4,4,4,4,4,4",
                        "startOffsets": "9841,9910,16585,16655,16723,16795,16865,16926,17000,17857,17918,17979,18041,18105,18167,18228,18296,18396,18456,18522,18595,18664,18721,18773,19288,19360,19675,19710,19887,19937,19998,20055,20089,20124,20502,26593,113043,113160,113427,113720,113987,125009,125081",
                        "endLines": "186,187,284,285,286,287,288,289,290,300,301,302,303,304,305,306,307,308,309,310,311,312,313,314,323,324,330,331,335,336,337,338,339,340,347,415,1734,1738,1740,1746,1748,1886,1887",
                        "endColumns": "68,62,69,67,71,69,60,73,72,60,60,61,63,61,60,67,99,59,65,72,68,56,51,61,71,75,34,34,49,60,56,33,34,34,69,70,116,12,109,12,128,71,66",
                        "endOffsets": "9905,9968,16650,16718,16790,16860,16921,16995,17068,17913,17974,18036,18100,18162,18223,18291,18391,18451,18517,18590,18659,18716,18768,18830,19355,19431,19705,19740,19932,19993,20050,20084,20119,20154,20567,26659,113155,113356,113532,113916,114111,125076,125143"
                    }
                },
                {
                    "source": "C:\\Users\\jakem\\Documents\\QHacksv4\\app\\src\\main\\res\\values\\styles.xml",
                    "from": {
                        "startLines": "-1",
                        "startColumns": "-1",
                        "startOffsets": "-1"
                    },
                    "to": {
                        "startLines": "421",
                        "startColumns": "4",
                        "startOffsets": "27106",
                        "endLines": "426",
                        "endColumns": "12",
                        "endOffsets": "27385"
                    }
                },
                {
                    "source": "C:\\Users\\jakem\\.gradle\\caches\\transforms-1\\files-1.1\\appcompat-v7-28.0.0.aar\\da2bbcc53c8ccf429f2c5683d6597b93\\res\\values\\values.xml",
                    "from": {
                        "startLines": "-1,-1,-1,-1,-1,-1,-1,-1,-1,-1,-1,-1,-1,-1,-1,-1,-1,-1,-1,-1,-1,-1,-1,-1,-1,-1,-1,-1,-1,-1,-1,-1,-1,-1,-1,-1,-1,-1,-1,-1,-1,-1,-1,-1,-1,-1,-1,-1,-1,-1,-1,-1,-1,-1,-1,-1,-1,-1,-1,-1,-1,-1,-1,-1,-1,-1,-1,-1,-1,-1,-1,-1,-1,-1,-1,-1,-1,-1,-1,-1,-1,-1,-1,-1,-1,-1,-1,-1,-1,-1,-1,-1,-1,-1,-1,-1,-1,-1,-1,-1,-1,-1,-1,-1,-1,-1,-1,-1,-1,-1,-1,-1,-1,-1,-1,-1,-1,-1,-1,-1,-1,-1,-1,-1,-1,-1,-1,-1,-1,-1,-1,-1,-1,-1,-1,-1,-1,-1,-1,-1,-1,-1,-1,-1,-1,-1,-1,-1,-1,-1,-1,-1,-1,-1,-1,-1,-1,-1,-1,-1,-1,-1,-1,-1,-1,-1,-1,-1,-1,-1,-1,-1,-1,-1,-1,-1,-1,-1,-1,-1,-1,-1,-1,-1,-1,-1,-1,-1,-1,-1,-1,-1,-1,-1,-1,-1,-1,-1,-1,-1,-1,-1,-1,-1,-1,-1,-1,-1,-1,-1,-1,-1,-1,-1,-1,-1,-1,-1,-1,-1,-1,-1,-1,-1,-1,-1,-1,-1,-1,-1,-1,-1,-1,-1,-1,-1,-1,-1,-1,-1,-1,-1,-1,-1,-1,-1,-1,-1,-1,-1,-1,-1,-1,-1,-1,-1,-1,-1,-1,-1,-1,-1,-1,-1,-1,-1,-1,-1,-1,-1,-1,-1,-1,-1,-1,-1,-1,-1,-1,-1,-1,-1,-1,-1,-1,-1,-1,-1,-1,-1,-1,-1,-1,-1,-1,-1,-1,-1,-1,-1,-1,-1,-1,-1,-1,-1,-1,-1,-1,-1,-1,-1,-1,-1,-1,-1,-1,-1,-1,-1,-1,-1,-1,-1,-1,-1,-1,-1,-1,-1,-1,-1,-1,-1,-1,-1,-1,-1,-1,-1,-1,-1,-1,-1,-1,-1,-1,-1,-1,-1,-1,-1,-1,-1,-1,-1,-1,-1,-1,-1,-1,-1,-1,-1,-1,-1,-1,-1,-1,-1,-1,-1,-1,-1,-1,-1,-1,-1,-1,-1,-1,-1,-1,-1,-1,-1,-1,-1,-1,-1,-1,-1,-1,-1,-1,-1,-1,-1,-1,-1,-1,-1,-1,-1,-1,-1,-1,-1,-1,-1,-1,-1,-1,-1,-1,-1,-1,-1,-1,-1,-1,-1,-1,-1,-1,-1,-1,-1,-1,-1,-1,-1,-1,-1,-1,-1,-1,-1,-1,-1,-1,-1,-1,-1,-1,-1,-1,-1,-1,-1,-1,-1,-1,-1,-1,-1,-1,-1,-1,-1,-1,-1,-1,-1,-1,-1,-1,-1,-1,-1,-1,-1,-1,-1,-1,-1,-1,-1,-1,-1,-1,-1,-1,-1,-1,-1,-1,-1,-1,-1,-1,-1,-1,-1,-1,-1,-1,-1,-1,-1,-1,-1,-1,-1,-1,-1,-1,-1,-1,-1,-1,-1,-1,-1,-1,-1,-1,-1,-1,-1,-1,-1,-1,-1,-1,-1,-1,-1,-1,-1",
                        "startColumns": "-1,-1,-1,-1,-1,-1,-1,-1,-1,-1,-1,-1,-1,-1,-1,-1,-1,-1,-1,-1,-1,-1,-1,-1,-1,-1,-1,-1,-1,-1,-1,-1,-1,-1,-1,-1,-1,-1,-1,-1,-1,-1,-1,-1,-1,-1,-1,-1,-1,-1,-1,-1,-1,-1,-1,-1,-1,-1,-1,-1,-1,-1,-1,-1,-1,-1,-1,-1,-1,-1,-1,-1,-1,-1,-1,-1,-1,-1,-1,-1,-1,-1,-1,-1,-1,-1,-1,-1,-1,-1,-1,-1,-1,-1,-1,-1,-1,-1,-1,-1,-1,-1,-1,-1,-1,-1,-1,-1,-1,-1,-1,-1,-1,-1,-1,-1,-1,-1,-1,-1,-1,-1,-1,-1,-1,-1,-1,-1,-1,-1,-1,-1,-1,-1,-1,-1,-1,-1,-1,-1,-1,-1,-1,-1,-1,-1,-1,-1,-1,-1,-1,-1,-1,-1,-1,-1,-1,-1,-1,-1,-1,-1,-1,-1,-1,-1,-1,-1,-1,-1,-1,-1,-1,-1,-1,-1,-1,-1,-1,-1,-1,-1,-1,-1,-1,-1,-1,-1,-1,-1,-1,-1,-1,-1,-1,-1,-1,-1,-1,-1,-1,-1,-1,-1,-1,-1,-1,-1,-1,-1,-1,-1,-1,-1,-1,-1,-1,-1,-1,-1,-1,-1,-1,-1,-1,-1,-1,-1,-1,-1,-1,-1,-1,-1,-1,-1,-1,-1,-1,-1,-1,-1,-1,-1,-1,-1,-1,-1,-1,-1,-1,-1,-1,-1,-1,-1,-1,-1,-1,-1,-1,-1,-1,-1,-1,-1,-1,-1,-1,-1,-1,-1,-1,-1,-1,-1,-1,-1,-1,-1,-1,-1,-1,-1,-1,-1,-1,-1,-1,-1,-1,-1,-1,-1,-1,-1,-1,-1,-1,-1,-1,-1,-1,-1,-1,-1,-1,-1,-1,-1,-1,-1,-1,-1,-1,-1,-1,-1,-1,-1,-1,-1,-1,-1,-1,-1,-1,-1,-1,-1,-1,-1,-1,-1,-1,-1,-1,-1,-1,-1,-1,-1,-1,-1,-1,-1,-1,-1,-1,-1,-1,-1,-1,-1,-1,-1,-1,-1,-1,-1,-1,-1,-1,-1,-1,-1,-1,-1,-1,-1,-1,-1,-1,-1,-1,-1,-1,-1,-1,-1,-1,-1,-1,-1,-1,-1,-1,-1,-1,-1,-1,-1,-1,-1,-1,-1,-1,-1,-1,-1,-1,-1,-1,-1,-1,-1,-1,-1,-1,-1,-1,-1,-1,-1,-1,-1,-1,-1,-1,-1,-1,-1,-1,-1,-1,-1,-1,-1,-1,-1,-1,-1,-1,-1,-1,-1,-1,-1,-1,-1,-1,-1,-1,-1,-1,-1,-1,-1,-1,-1,-1,-1,-1,-1,-1,-1,-1,-1,-1,-1,-1,-1,-1,-1,-1,-1,-1,-1,-1,-1,-1,-1,-1,-1,-1,-1,-1,-1,-1,-1,-1,-1,-1,-1,-1,-1,-1,-1,-1,-1,-1,-1,-1,-1,-1,-1,-1,-1,-1,-1,-1,-1,-1,-1,-1,-1,-1,-1,-1,-1,-1,-1,-1,-1,-1,-1,-1,-1,-1,-1,-1,-1,-1,-1,-1,-1,-1,-1,-1,-1",
                        "startOffsets": "-1,-1,-1,-1,-1,-1,-1,-1,-1,-1,-1,-1,-1,-1,-1,-1,-1,-1,-1,-1,-1,-1,-1,-1,-1,-1,-1,-1,-1,-1,-1,-1,-1,-1,-1,-1,-1,-1,-1,-1,-1,-1,-1,-1,-1,-1,-1,-1,-1,-1,-1,-1,-1,-1,-1,-1,-1,-1,-1,-1,-1,-1,-1,-1,-1,-1,-1,-1,-1,-1,-1,-1,-1,-1,-1,-1,-1,-1,-1,-1,-1,-1,-1,-1,-1,-1,-1,-1,-1,-1,-1,-1,-1,-1,-1,-1,-1,-1,-1,-1,-1,-1,-1,-1,-1,-1,-1,-1,-1,-1,-1,-1,-1,-1,-1,-1,-1,-1,-1,-1,-1,-1,-1,-1,-1,-1,-1,-1,-1,-1,-1,-1,-1,-1,-1,-1,-1,-1,-1,-1,-1,-1,-1,-1,-1,-1,-1,-1,-1,-1,-1,-1,-1,-1,-1,-1,-1,-1,-1,-1,-1,-1,-1,-1,-1,-1,-1,-1,-1,-1,-1,-1,-1,-1,-1,-1,-1,-1,-1,-1,-1,-1,-1,-1,-1,-1,-1,-1,-1,-1,-1,-1,-1,-1,-1,-1,-1,-1,-1,-1,-1,-1,-1,-1,-1,-1,-1,-1,-1,-1,-1,-1,-1,-1,-1,-1,-1,-1,-1,-1,-1,-1,-1,-1,-1,-1,-1,-1,-1,-1,-1,-1,-1,-1,-1,-1,-1,-1,-1,-1,-1,-1,-1,-1,-1,-1,-1,-1,-1,-1,-1,-1,-1,-1,-1,-1,-1,-1,-1,-1,-1,-1,-1,-1,-1,-1,-1,-1,-1,-1,-1,-1,-1,-1,-1,-1,-1,-1,-1,-1,-1,-1,-1,-1,-1,-1,-1,-1,-1,-1,-1,-1,-1,-1,-1,-1,-1,-1,-1,-1,-1,-1,-1,-1,-1,-1,-1,-1,-1,-1,-1,-1,-1,-1,-1,-1,-1,-1,-1,-1,-1,-1,-1,-1,-1,-1,-1,-1,-1,-1,-1,-1,-1,-1,-1,-1,-1,-1,-1,-1,-1,-1,-1,-1,-1,-1,-1,-1,-1,-1,-1,-1,-1,-1,-1,-1,-1,-1,-1,-1,-1,-1,-1,-1,-1,-1,-1,-1,-1,-1,-1,-1,-1,-1,-1,-1,-1,-1,-1,-1,-1,-1,-1,-1,-1,-1,-1,-1,-1,-1,-1,-1,-1,-1,-1,-1,-1,-1,-1,-1,-1,-1,-1,-1,-1,-1,-1,-1,-1,-1,-1,-1,-1,-1,-1,-1,-1,-1,-1,-1,-1,-1,-1,-1,-1,-1,-1,-1,-1,-1,-1,-1,-1,-1,-1,-1,-1,-1,-1,-1,-1,-1,-1,-1,-1,-1,-1,-1,-1,-1,-1,-1,-1,-1,-1,-1,-1,-1,-1,-1,-1,-1,-1,-1,-1,-1,-1,-1,-1,-1,-1,-1,-1,-1,-1,-1,-1,-1,-1,-1,-1,-1,-1,-1,-1,-1,-1,-1,-1,-1,-1,-1,-1,-1,-1,-1,-1,-1,-1,-1,-1,-1,-1,-1,-1,-1,-1,-1,-1,-1,-1,-1,-1,-1,-1,-1,-1,-1,-1,-1,-1,-1,-1,-1,-1,-1,-1,-1,-1,-1"
                    },
                    "to": {
                        "startLines": "16,21,22,131,132,133,134,135,136,137,138,139,140,141,142,143,144,145,146,147,148,149,150,151,152,164,165,166,167,168,169,170,171,172,173,174,175,176,177,178,179,180,181,182,183,184,185,189,190,191,192,193,194,195,196,197,198,199,200,201,202,203,204,205,206,207,208,209,210,211,212,213,214,215,216,217,218,219,220,221,222,223,224,225,226,227,228,229,230,231,232,233,234,235,236,237,238,239,240,241,242,243,244,245,246,247,248,249,250,251,252,253,254,255,256,257,258,259,260,261,262,263,264,265,266,267,268,269,270,271,272,273,274,275,276,277,278,279,280,281,282,283,291,292,293,294,295,296,297,298,299,315,316,317,318,319,320,321,322,325,326,327,328,329,332,333,334,341,342,343,344,345,348,349,350,351,352,353,354,355,356,357,358,359,360,361,362,363,364,365,366,367,368,369,370,371,372,373,374,375,376,377,378,379,380,381,382,383,384,385,386,414,416,417,418,419,420,427,435,436,440,444,448,453,459,466,470,474,479,483,487,491,495,499,503,509,513,519,523,529,533,538,542,545,549,555,559,565,569,575,578,582,586,590,594,598,599,600,601,604,607,610,613,617,618,619,620,621,624,626,628,630,635,636,640,646,650,651,653,664,665,669,675,679,680,681,685,712,716,717,721,749,916,942,1110,1136,1167,1175,1181,1195,1217,1222,1227,1237,1246,1255,1259,1266,1274,1281,1282,1291,1294,1297,1301,1305,1309,1312,1313,1317,1321,1331,1336,1343,1349,1350,1353,1357,1362,1364,1366,1369,1372,1374,1378,1381,1388,1391,1394,1398,1400,1404,1406,1408,1410,1414,1422,1430,1442,1448,1457,1460,1471,1474,1479,1480,1485,1543,1602,1603,1613,1622,1623,1625,1629,1632,1635,1638,1641,1644,1647,1650,1654,1657,1660,1663,1667,1670,1674,1678,1679,1680,1681,1682,1683,1684,1685,1686,1687,1688,1689,1690,1691,1692,1693,1694,1695,1696,1697,1698,1700,1702,1703,1704,1705,1706,1707,1708,1709,1711,1712,1714,1715,1717,1719,1720,1722,1723,1724,1725,1726,1727,1729,1730,1731,1732,1733,1750,1752,1754,1756,1757,1758,1759,1760,1761,1762,1763,1764,1765,1766,1767,1768,1770,1771,1772,1773,1774,1775,1777,1781,1785,1786,1787,1788,1789,1790,1791,1792,1794,1796,1798,1800,1802,1803,1804,1805,1807,1809,1811,1812,1813,1814,1815,1816,1817,1818,1819,1820,1821,1822,1825,1826,1827,1828,1830,1832,1833,1835,1836,1838,1840,1842,1843,1844,1845,1846,1847,1848,1849,1850,1851,1852,1853,1855,1856,1857,1858,1860,1861,1862,1863,1864,1866,1868,1870,1872,1873,1874,1875,1876,1877,1878,1879,1880,1881,1882,1883,1884,1885",
                        "startColumns": "4,4,4,4,4,4,4,4,4,4,4,4,4,4,4,4,4,4,4,4,4,4,4,4,4,4,4,4,4,4,4,4,4,4,4,4,4,4,4,4,4,4,4,4,4,4,4,4,4,4,4,4,4,4,4,4,4,4,4,4,4,4,4,4,4,4,4,4,4,4,4,4,4,4,4,4,4,4,4,4,4,4,4,4,4,4,4,4,4,4,4,4,4,4,4,4,4,4,4,4,4,4,4,4,4,4,4,4,4,4,4,4,4,4,4,4,4,4,4,4,4,4,4,4,4,4,4,4,4,4,4,4,4,4,4,4,4,4,4,4,4,4,4,4,4,4,4,4,4,4,4,4,4,4,4,4,4,4,4,4,4,4,4,4,4,4,4,4,4,4,4,4,4,4,4,4,4,4,4,4,4,4,4,4,4,4,4,4,4,4,4,4,4,4,4,4,4,4,4,4,4,4,4,4,4,4,4,4,4,4,4,4,4,4,4,4,4,4,4,4,4,4,4,4,4,4,4,4,4,4,4,4,4,4,4,4,4,4,4,4,4,4,4,4,4,4,4,4,4,4,4,4,4,4,4,4,4,4,4,4,4,4,4,4,4,4,4,4,4,4,4,4,4,4,4,4,4,4,4,4,4,4,4,4,4,4,4,4,4,4,4,4,4,4,4,4,4,4,4,4,4,4,4,4,4,4,4,4,4,4,4,4,4,4,4,4,4,4,4,4,4,4,4,4,4,4,4,4,4,4,4,4,4,4,4,4,4,4,4,4,4,4,4,4,4,4,4,4,4,4,4,4,4,4,4,4,4,4,4,4,4,4,4,4,4,4,4,4,4,4,4,4,4,4,4,4,4,4,4,4,4,4,4,4,4,4,4,4,4,4,4,4,4,4,4,4,4,4,4,4,4,4,4,4,4,4,4,4,4,4,4,4,4,4,4,4,4,4,4,4,4,4,4,4,4,4,4,4,4,4,4,4,4,4,4,4,4,4,4,4,4,4,4,4,4,4,4,4,4,4,4,4,4,4,4,4,4,4,4,4,4,4,4,4,4,4,4,4,4,4,4,4,4,4,4,4,4,4,4,4,4,4,4,4,4,4,4,4,4,4,4,4,4,4,4,4,4,4,4,4,4,4,4,4,4,4,4,4,4,4,4,4,4,4,4,4,4,4,4,4,4,4,4,4,4,4,4,4,4,4",
                        "startOffsets": "725,907,952,6046,6087,6142,6201,6263,6344,6405,6480,6556,6633,6711,6796,6878,6954,7030,7107,7185,7291,7397,7476,7556,7613,8488,8562,8637,8702,8768,8828,8889,8961,9034,9101,9169,9228,9287,9346,9405,9464,9518,9572,9625,9679,9733,9787,10062,10136,10215,10288,10362,10433,10505,10577,10650,10707,10765,10838,10912,10986,11061,11133,11206,11276,11347,11407,11468,11537,11606,11676,11750,11826,11890,11967,12043,12120,12185,12254,12331,12406,12475,12543,12620,12686,12747,12844,12909,12978,13077,13148,13207,13265,13322,13381,13445,13516,13588,13660,13732,13804,13871,13939,14007,14066,14129,14193,14283,14374,14434,14500,14567,14633,14703,14767,14820,14933,14991,15054,15119,15184,15259,15332,15404,15453,15514,15575,15636,15698,15762,15826,15890,15955,16018,16078,16139,16205,16264,16324,16386,16457,16517,17073,17159,17246,17336,17423,17511,17593,17676,17766,18835,18887,18945,18990,19056,19120,19177,19234,19436,19493,19541,19590,19641,19745,19792,19841,20159,20191,20255,20317,20377,20572,20646,20716,20794,20848,20918,21003,21051,21097,21168,21246,21324,21396,21470,21544,21618,21698,21771,21840,21912,21989,22050,22113,22179,22243,22314,22377,22442,22506,22567,22628,22680,22753,22827,22896,22971,23045,23119,23260,26540,26664,26742,26832,26920,27016,27390,27972,28061,28308,28589,28841,29126,29519,29996,30218,30440,30716,30943,31173,31403,31633,31863,32090,32509,32735,33160,33390,33818,34037,34320,34528,34659,34886,35312,35537,35964,36185,36610,36730,37006,37307,37631,37922,38236,38373,38504,38609,38851,39018,39222,39430,39701,39813,39925,40030,40147,40361,40507,40647,40733,41081,41169,41415,41833,42082,42164,42262,42854,42954,43206,43630,43885,43979,44068,44305,46329,46571,46673,46926,49082,59211,60727,70955,72483,74240,74866,75286,76347,77612,77868,78104,78651,79145,79750,79948,80528,81092,81467,81585,82123,82280,82476,82749,83005,83175,83316,83380,83662,83948,84624,84888,85226,85579,85673,85859,86165,86427,86552,86679,86918,87129,87248,87441,87618,88073,88254,88376,88635,88748,88935,89037,89144,89273,89548,90056,90552,91429,91723,92293,92442,93174,93346,93682,93774,94052,98334,102759,102821,103399,103983,104074,104187,104416,104576,104728,104899,105065,105234,105401,105564,105807,105977,106150,106321,106595,106794,106999,107329,107413,107509,107605,107703,107803,107905,108007,108109,108211,108313,108413,108509,108621,108750,108873,109004,109135,109233,109347,109441,109581,109715,109811,109923,110023,110139,110235,110347,110447,110587,110723,110887,111017,111175,111325,111466,111610,111745,111857,112007,112135,112263,112399,112531,112661,112791,112903,114183,114329,114473,114611,114677,114767,114843,114947,115037,115139,115247,115355,115455,115535,115627,115725,115835,115913,116019,116111,116215,116325,116447,116610,116767,116847,116947,117037,117147,117241,117347,117439,117539,117651,117765,117881,117997,118091,118205,118317,118419,118539,118661,118743,118847,118967,119093,119191,119285,119373,119485,119601,119723,119835,120010,120126,120212,120304,120416,120540,120607,120733,120801,120929,121073,121201,121270,121365,121480,121593,121692,121801,121912,122023,122124,122229,122329,122459,122550,122673,122767,122879,122965,123069,123165,123253,123371,123475,123579,123705,123793,123901,124001,124091,124201,124285,124387,124471,124525,124589,124695,124805,124889",
                        "endLines": "16,21,22,131,132,133,134,135,136,137,138,139,140,141,142,143,144,145,146,147,148,149,150,151,152,164,165,166,167,168,169,170,171,172,173,174,175,176,177,178,179,180,181,182,183,184,185,189,190,191,192,193,194,195,196,197,198,199,200,201,202,203,204,205,206,207,208,209,210,211,212,213,214,215,216,217,218,219,220,221,222,223,224,225,226,227,228,229,230,231,232,233,234,235,236,237,238,239,240,241,242,243,244,245,246,247,248,249,250,251,252,253,254,255,256,257,258,259,260,261,262,263,264,265,266,267,268,269,270,271,272,273,274,275,276,277,278,279,280,281,282,283,291,292,293,294,295,296,297,298,299,315,316,317,318,319,320,321,322,325,326,327,328,329,332,333,334,341,342,343,344,345,348,349,350,351,352,353,354,355,356,357,358,359,360,361,362,363,364,365,366,367,368,369,370,371,372,373,374,375,376,377,378,379,380,381,382,383,384,385,386,414,416,417,418,419,420,434,435,439,443,447,452,458,465,469,473,478,482,486,490,494,498,502,508,512,518,522,528,532,537,541,544,548,554,558,564,568,574,577,581,585,589,593,597,598,599,600,603,606,609,612,616,617,618,619,620,623,625,627,629,634,635,639,645,649,650,652,663,664,668,674,678,679,680,684,711,715,716,720,748,915,941,1109,1135,1166,1174,1180,1194,1216,1221,1226,1236,1245,1254,1258,1265,1273,1280,1281,1290,1293,1296,1300,1304,1308,1311,1312,1316,1320,1330,1335,1342,1348,1349,1352,1356,1361,1363,1365,1368,1371,1373,1377,1380,1387,1390,1393,1397,1399,1403,1405,1407,1409,1413,1421,1429,1441,1447,1456,1459,1470,1473,1478,1479,1484,1542,1601,1602,1612,1621,1622,1624,1628,1631,1634,1637,1640,1643,1646,1649,1653,1656,1659,1662,1666,1669,1673,1677,1678,1679,1680,1681,1682,1683,1684,1685,1686,1687,1688,1689,1690,1691,1692,1693,1694,1695,1696,1697,1699,1701,1702,1703,1704,1705,1706,1707,1708,1710,1711,1713,1714,1716,1718,1719,1721,1722,1723,1724,1725,1726,1728,1729,1730,1731,1732,1733,1751,1753,1755,1756,1757,1758,1759,1760,1761,1762,1763,1764,1765,1766,1767,1769,1770,1771,1772,1773,1774,1776,1780,1784,1785,1786,1787,1788,1789,1790,1791,1793,1795,1797,1799,1801,1802,1803,1804,1806,1808,1810,1811,1812,1813,1814,1815,1816,1817,1818,1819,1820,1821,1824,1825,1826,1827,1829,1831,1832,1834,1835,1837,1839,1841,1842,1843,1844,1845,1846,1847,1848,1849,1850,1851,1852,1854,1855,1856,1857,1859,1860,1861,1862,1863,1865,1867,1869,1871,1872,1873,1874,1875,1876,1877,1878,1879,1880,1881,1882,1883,1884,1885",
                        "endColumns": "54,44,48,40,54,58,61,80,60,74,75,76,77,84,81,75,75,76,77,105,105,78,79,56,57,73,74,64,65,59,60,71,72,66,67,58,58,58,58,58,53,53,52,53,53,53,53,73,78,72,73,70,71,71,72,56,57,72,73,73,74,71,72,69,70,59,60,68,68,69,73,75,63,76,75,76,64,68,76,74,68,67,76,65,60,96,64,68,98,70,58,57,56,58,63,70,71,71,71,71,66,67,67,58,62,63,89,90,59,65,66,65,69,63,52,112,57,62,64,64,74,72,71,48,60,60,60,61,63,63,63,64,62,59,60,65,58,59,61,70,59,67,85,86,89,86,87,81,82,89,90,51,57,44,65,63,56,56,53,56,47,48,50,33,46,48,45,31,63,61,59,56,73,69,77,53,69,84,47,45,70,77,77,71,73,73,73,79,72,68,71,76,60,62,65,63,70,62,64,63,60,60,51,72,73,68,74,73,73,140,69,52,77,89,87,95,89,12,88,12,12,12,12,12,12,12,12,12,12,12,12,12,12,12,12,12,12,12,12,12,12,12,12,12,12,12,12,12,12,12,12,12,12,12,12,136,130,104,12,12,12,12,12,111,111,104,116,12,12,12,12,12,87,12,12,12,81,12,12,99,12,12,12,93,88,12,12,12,101,12,12,12,12,12,12,12,12,12,12,12,12,12,12,12,12,12,12,12,12,117,12,12,12,12,12,12,12,63,12,12,12,12,12,12,93,12,12,12,12,12,12,12,12,12,12,12,12,12,12,12,12,12,12,12,12,12,12,12,12,12,12,12,12,12,91,12,12,12,61,12,12,90,12,12,12,12,12,12,12,12,12,12,12,12,12,12,12,12,12,83,95,95,97,99,101,101,101,101,101,99,95,111,128,122,130,130,97,113,93,12,12,95,111,99,115,95,111,99,12,135,12,129,12,12,140,12,134,111,149,127,127,12,131,129,129,111,139,12,12,12,65,89,75,103,89,101,107,107,99,79,91,97,12,77,105,91,103,109,12,12,12,79,99,89,109,93,105,91,12,12,12,12,12,93,113,111,12,12,12,81,103,119,125,97,93,87,111,115,121,111,12,115,85,91,12,12,66,12,67,12,12,12,68,94,114,112,98,108,110,110,100,104,99,12,90,122,93,12,85,103,95,87,12,12,12,12,87,107,99,89,109,83,101,83,53,63,105,109,83,119",
                        "endOffsets": "775,947,996,6082,6137,6196,6258,6339,6400,6475,6551,6628,6706,6791,6873,6949,7025,7102,7180,7286,7392,7471,7551,7608,7666,8557,8632,8697,8763,8823,8884,8956,9029,9096,9164,9223,9282,9341,9400,9459,9513,9567,9620,9674,9728,9782,9836,10131,10210,10283,10357,10428,10500,10572,10645,10702,10760,10833,10907,10981,11056,11128,11201,11271,11342,11402,11463,11532,11601,11671,11745,11821,11885,11962,12038,12115,12180,12249,12326,12401,12470,12538,12615,12681,12742,12839,12904,12973,13072,13143,13202,13260,13317,13376,13440,13511,13583,13655,13727,13799,13866,13934,14002,14061,14124,14188,14278,14369,14429,14495,14562,14628,14698,14762,14815,14928,14986,15049,15114,15179,15254,15327,15399,15448,15509,15570,15631,15693,15757,15821,15885,15950,16013,16073,16134,16200,16259,16319,16381,16452,16512,16580,17154,17241,17331,17418,17506,17588,17671,17761,17852,18882,18940,18985,19051,19115,19172,19229,19283,19488,19536,19585,19636,19670,19787,19836,19882,20186,20250,20312,20372,20429,20641,20711,20789,20843,20913,20998,21046,21092,21163,21241,21319,21391,21465,21539,21613,21693,21766,21835,21907,21984,22045,22108,22174,22238,22309,22372,22437,22501,22562,22623,22675,22748,22822,22891,22966,23040,23114,23255,23325,26588,26737,26827,26915,27011,27101,27967,28056,28303,28584,28836,29121,29514,29991,30213,30435,30711,30938,31168,31398,31628,31858,32085,32504,32730,33155,33385,33813,34032,34315,34523,34654,34881,35307,35532,35959,36180,36605,36725,37001,37302,37626,37917,38231,38368,38499,38604,38846,39013,39217,39425,39696,39808,39920,40025,40142,40356,40502,40642,40728,41076,41164,41410,41828,42077,42159,42257,42849,42949,43201,43625,43880,43974,44063,44300,46324,46566,46668,46921,49077,59206,60722,70950,72478,74235,74861,75281,76342,77607,77863,78099,78646,79140,79745,79943,80523,81087,81462,81580,82118,82275,82471,82744,83000,83170,83311,83375,83657,83943,84619,84883,85221,85574,85668,85854,86160,86422,86547,86674,86913,87124,87243,87436,87613,88068,88249,88371,88630,88743,88930,89032,89139,89268,89543,90051,90547,91424,91718,92288,92437,93169,93341,93677,93769,94047,98329,102754,102816,103394,103978,104069,104182,104411,104571,104723,104894,105060,105229,105396,105559,105802,105972,106145,106316,106590,106789,106994,107324,107408,107504,107600,107698,107798,107900,108002,108104,108206,108308,108408,108504,108616,108745,108868,108999,109130,109228,109342,109436,109576,109710,109806,109918,110018,110134,110230,110342,110442,110582,110718,110882,111012,111170,111320,111461,111605,111740,111852,112002,112130,112258,112394,112526,112656,112786,112898,113038,114324,114468,114606,114672,114762,114838,114942,115032,115134,115242,115350,115450,115530,115622,115720,115830,115908,116014,116106,116210,116320,116442,116605,116762,116842,116942,117032,117142,117236,117342,117434,117534,117646,117760,117876,117992,118086,118200,118312,118414,118534,118656,118738,118842,118962,119088,119186,119280,119368,119480,119596,119718,119830,120005,120121,120207,120299,120411,120535,120602,120728,120796,120924,121068,121196,121265,121360,121475,121588,121687,121796,121907,122018,122119,122224,122324,122454,122545,122668,122762,122874,122960,123064,123160,123248,123366,123470,123574,123700,123788,123896,123996,124086,124196,124280,124382,124466,124520,124584,124690,124800,124884,125004"
                    }
                },
                {
                    "source": "C:\\Users\\jakem\\Documents\\QHacksv4\\app\\src\\main\\res\\values\\colors.xml",
                    "from": {
                        "startLines": "4,-1,-1",
                        "startColumns": "4,-1,-1",
                        "startOffsets": "157,-1,-1",
                        "endColumns": "47,-1,-1",
                        "endOffsets": "200,-1,-1"
                    },
                    "to": {
                        "startLines": "153,154,155",
                        "startColumns": "4,4,4",
                        "startOffsets": "7671,7719,7766",
                        "endColumns": "47,46,50",
                        "endOffsets": "7714,7761,7812"
                    }
                },
                {
                    "source": "C:\\Users\\jakem\\.gradle\\caches\\transforms-1\\files-1.1\\play-services-base-16.0.1.aar\\4c1a75ebcf46fecf071dc88fe60dc52b\\res\\values\\values.xml",
                    "from": {
                        "startLines": "-1,-1,-1,-1,-1,-1,-1,-1,-1,-1,-1,-1,-1,-1,-1,-1,-1,-1,-1,-1,-1,-1,-1,-1,-1",
                        "startColumns": "-1,-1,-1,-1,-1,-1,-1,-1,-1,-1,-1,-1,-1,-1,-1,-1,-1,-1,-1,-1,-1,-1,-1,-1,-1",
                        "startOffsets": "-1,-1,-1,-1,-1,-1,-1,-1,-1,-1,-1,-1,-1,-1,-1,-1,-1,-1,-1,-1,-1,-1,-1,-1,-1"
                    },
                    "to": {
                        "startLines": "156,157,158,159,160,161,162,163,388,389,390,391,392,393,394,395,397,398,399,400,401,402,403,404,405",
                        "startColumns": "4,4,4,4,4,4,4,4,4,4,4,4,4,4,4,4,4,4,4,4,4,4,4,4,4",
                        "startOffsets": "7817,7907,7987,8077,8167,8247,8328,8408,23378,23483,23664,23789,23896,24076,24199,24315,24585,24773,24878,25059,25184,25359,25507,25570,25632",
                        "endColumns": "89,79,89,89,79,80,79,79,104,180,124,106,179,122,115,102,187,104,180,124,174,147,62,61,78",
                        "endOffsets": "7902,7982,8072,8162,8242,8323,8403,8483,23478,23659,23784,23891,24071,24194,24310,24413,24768,24873,25054,25179,25354,25502,25565,25627,25706"
                    }
                },
                {
                    "source": "C:\\Users\\jakem\\.gradle\\caches\\transforms-1\\files-1.1\\play-services-basement-16.1.0.aar\\f5eae91698546f43435c5b08dbeacdf4\\res\\values\\values.xml",
                    "from": {
                        "startLines": "-1,-1",
                        "startColumns": "-1,-1",
                        "startOffsets": "-1,-1"
                    },
                    "to": {
                        "startLines": "346,396",
                        "startColumns": "4,4",
                        "startOffsets": "20434,24418",
                        "endColumns": "67,166",
                        "endOffsets": "20497,24580"
                    }
                },
                {
                    "source": "C:\\Users\\jakem\\Documents\\QHacksv4\\app\\src\\main\\res\\values\\strings.xml",
                    "from": {
                        "startLines": "-1",
                        "startColumns": "-1",
                        "startOffsets": "-1"
                    },
                    "to": {
                        "startLines": "387",
                        "startColumns": "4",
                        "startOffsets": "23330",
                        "endColumns": "47",
                        "endOffsets": "23373"
                    }
                },
                {
                    "source": "C:\\Users\\jakem\\.gradle\\caches\\transforms-1\\files-1.1\\constraint-layout-1.1.3.aar\\671f2d10bf06a0b109272ead14cad129\\res\\values\\values.xml",
                    "from": {
                        "startLines": "-1,-1,-1,-1,-1,-1,-1,-1,-1,-1,-1,-1,-1,-1,-1,-1,-1,-1,-1,-1,-1,-1,-1,-1,-1,-1,-1,-1,-1,-1,-1,-1,-1,-1,-1,-1,-1,-1,-1,-1,-1,-1,-1,-1,-1,-1,-1,-1,-1,-1,-1,-1,-1,-1,-1,-1,-1",
                        "startColumns": "-1,-1,-1,-1,-1,-1,-1,-1,-1,-1,-1,-1,-1,-1,-1,-1,-1,-1,-1,-1,-1,-1,-1,-1,-1,-1,-1,-1,-1,-1,-1,-1,-1,-1,-1,-1,-1,-1,-1,-1,-1,-1,-1,-1,-1,-1,-1,-1,-1,-1,-1,-1,-1,-1,-1,-1,-1",
                        "startOffsets": "-1,-1,-1,-1,-1,-1,-1,-1,-1,-1,-1,-1,-1,-1,-1,-1,-1,-1,-1,-1,-1,-1,-1,-1,-1,-1,-1,-1,-1,-1,-1,-1,-1,-1,-1,-1,-1,-1,-1,-1,-1,-1,-1,-1,-1,-1,-1,-1,-1,-1,-1,-1,-1,-1,-1,-1,-1"
                    },
                    "to": {
                        "startLines": "2,3,11,12,13,14,17,23,24,25,26,29,30,33,36,37,38,39,40,43,46,47,48,49,54,57,60,61,62,67,68,69,72,75,76,79,82,85,88,89,92,95,96,101,102,107,110,113,114,115,116,117,118,119,120,121,122",
                        "startColumns": "4,4,4,4,4,4,4,4,4,4,4,4,4,4,4,4,4,4,4,4,4,4,4,4,4,4,4,4,4,4,4,4,4,4,4,4,4,4,4,4,4,4,4,4,4,4,4,4,4,4,4,4,4,4,4,4,4",
                        "startOffsets": "105,166,457,505,557,618,780,1001,1062,1122,1192,1325,1393,1522,1648,1710,1775,1843,1910,2033,2158,2225,2290,2355,2536,2657,2778,2844,2911,3121,3190,3256,3381,3507,3574,3700,3827,3952,4079,4144,4270,4393,4458,4666,4733,4913,5033,5153,5218,5280,5342,5404,5463,5523,5584,5645,5704",
                        "endLines": "2,10,11,12,13,14,20,23,24,25,28,29,32,35,36,37,38,39,42,45,46,47,48,53,56,59,60,61,66,67,68,71,74,75,78,81,84,87,88,91,94,95,100,101,106,109,112,113,114,115,116,117,118,119,120,121,130",
                        "endColumns": "60,11,47,51,60,45,11,60,59,69,11,67,11,11,61,64,67,66,11,11,66,64,64,11,11,11,65,66,11,68,65,11,11,66,11,11,11,11,64,11,11,64,11,66,11,11,11,64,61,61,61,58,59,60,60,58,11",
                        "endOffsets": "161,452,500,552,613,659,902,1057,1117,1187,1320,1388,1517,1643,1705,1770,1838,1905,2028,2153,2220,2285,2350,2531,2652,2773,2839,2906,3116,3185,3251,3376,3502,3569,3695,3822,3947,4074,4139,4265,4388,4453,4661,4728,4908,5028,5148,5213,5275,5337,5399,5458,5518,5579,5640,5699,6041"
                    }
                },
                {
                    "source": "C:\\Users\\jakem\\Documents\\QHacksv4\\app\\build\\generated\\res\\google-services\\debug\\values\\values.xml",
                    "from": {
                        "startLines": "-1,-1,-1,-1,-1,-1,-1,-1",
                        "startColumns": "-1,-1,-1,-1,-1,-1,-1,-1",
                        "startOffsets": "-1,-1,-1,-1,-1,-1,-1,-1"
                    },
                    "to": {
                        "startLines": "406,407,408,409,410,411,412,413",
                        "startColumns": "4,4,4,4,4,4,4,4",
                        "startOffsets": "25711,25855,25962,26044,26148,26251,26371,26467",
                        "endColumns": "143,106,81,103,102,119,95,72",
                        "endOffsets": "25850,25957,26039,26143,26246,26366,26462,26535"
                    }
                }
            ]
        }
    ]
}