{
    "logs": [
        {
            "outputFile": "C:\\Users\\jakem\\Documents\\QHacksv4\\app\\build\\intermediates\\incremental\\mergeDebugResources\\merged.dir\\values-as\\values-as.xml",
            "map": [
                {
                    "source": "C:\\Users\\jakem\\.gradle\\caches\\transforms-1\\files-1.1\\play-services-basement-16.1.0.aar\\f5eae91698546f43435c5b08dbeacdf4\\res\\values-as\\values.xml",
                    "from": {
                        "startLines": "4",
                        "startColumns": "0",
                        "startOffsets": "247",
                        "endColumns": "184",
                        "endOffsets": "431"
                    },
                    "to": {
                        "startLines": "37",
                        "startColumns": "4",
                        "startOffsets": "3991",
                        "endColumns": "184",
                        "endOffsets": "4171"
                    }
                },
                {
                    "source": "C:\\Users\\jakem\\.gradle\\caches\\transforms-1\\files-1.1\\support-compat-28.0.0.aar\\0f8cbfc763fb8693934434fbafc8a96b\\res\\values-as\\values-as.xml",
                    "from": {
                        "startLines": "2",
                        "startColumns": "4",
                        "startOffsets": "55",
                        "endColumns": "100",
                        "endOffsets": "151"
                    },
                    "to": {
                        "startLines": "48",
                        "startColumns": "4",
                        "startOffsets": "5559",
                        "endColumns": "100",
                        "endOffsets": "5655"
                    }
                },
                {
                    "source": "C:\\Users\\jakem\\.gradle\\caches\\transforms-1\\files-1.1\\appcompat-v7-28.0.0.aar\\da2bbcc53c8ccf429f2c5683d6597b93\\res\\values-as\\values-as.xml",
                    "from": {
                        "startLines": "2,3,4,5,6,7,8,9,10,11,12,13,14,15,16,17,18,19,20,21,22,23,24,25,26,27,28,29",
                        "startColumns": "4,4,4,4,4,4,4,4,4,4,4,4,4,4,4,4,4,4,4,4,4,4,4,4,4,4,4,4",
                        "startOffsets": "105,213,312,419,515,617,736,816,896,987,1080,1173,1268,1368,1461,1558,1652,1743,1834,1923,2025,2140,2243,2352,2471,2591,2758,2861",
                        "endColumns": "107,98,106,95,101,118,79,79,90,92,92,94,99,92,96,93,90,90,88,101,114,102,108,118,119,166,102,88",
                        "endOffsets": "208,307,414,510,612,731,811,891,982,1075,1168,1263,1363,1456,1553,1647,1738,1829,1918,2020,2135,2238,2347,2466,2586,2753,2856,2945"
                    },
                    "to": {
                        "startLines": "2,3,4,5,6,7,8,9,10,11,12,13,14,15,16,17,18,19,20,21,22,23,24,25,26,27,28,47",
                        "startColumns": "4,4,4,4,4,4,4,4,4,4,4,4,4,4,4,4,4,4,4,4,4,4,4,4,4,4,4,4",
                        "startOffsets": "105,213,312,419,515,617,736,816,896,987,1080,1173,1268,1368,1461,1558,1652,1743,1834,1923,2025,2140,2243,2352,2471,2591,2758,5470",
                        "endColumns": "107,98,106,95,101,118,79,79,90,92,92,94,99,92,96,93,90,90,88,101,114,102,108,118,119,166,102,88",
                        "endOffsets": "208,307,414,510,612,731,811,891,982,1075,1168,1263,1363,1456,1553,1647,1738,1829,1918,2020,2135,2238,2347,2466,2586,2753,2856,5554"
                    }
                },
                {
                    "source": "C:\\Users\\jakem\\.gradle\\caches\\transforms-1\\files-1.1\\play-services-base-16.0.1.aar\\4c1a75ebcf46fecf071dc88fe60dc52b\\res\\values-as\\values.xml",
                    "from": {
                        "startLines": "4,5,6,7,8,9,10,11,12,13,14,15,16,17,18,19,20",
                        "startColumns": "0,0,0,0,0,0,0,0,0,0,0,0,0,0,0,0,0",
                        "startOffsets": "245,351,536,657,765,954,1074,1213,1351,1553,1659,1839,1961,2152,2331,2417,2509",
                        "endColumns": "105,184,120,107,188,119,138,137,201,105,179,121,190,178,85,91,111",
                        "endOffsets": "350,535,656,764,953,1073,1212,1350,1552,1658,1838,1960,2151,2330,2416,2508,2620"
                    },
                    "to": {
                        "startLines": "29,30,31,32,33,34,35,36,38,39,40,41,42,43,44,45,46",
                        "startColumns": "4,4,4,4,4,4,4,4,4,4,4,4,4,4,4,4,4",
                        "startOffsets": "2861,2971,3156,3281,3393,3582,3706,3849,4176,4378,4488,4668,4794,4985,5168,5258,5354",
                        "endColumns": "109,184,124,111,188,123,142,141,201,109,179,125,190,182,89,95,115",
                        "endOffsets": "2966,3151,3276,3388,3577,3701,3844,3986,4373,4483,4663,4789,4980,5163,5253,5349,5465"
                    }
                }
            ]
        }
    ]
}