{
    "logs": [
        {
            "outputFile": "C:\\Users\\jakem\\Documents\\QHacksv4\\app\\build\\intermediates\\incremental\\mergeDebugResources\\merged.dir\\values-v25\\values-v25.xml",
            "map": [
                {
                    "source": "C:\\Users\\jakem\\.gradle\\caches\\transforms-1\\files-1.1\\appcompat-v7-28.0.0.aar\\da2bbcc53c8ccf429f2c5683d6597b93\\res\\values-v25\\values-v25.xml",
                    "from": {
                        "startLines": "2,3,4,6",
                        "startColumns": "4,4,4,4",
                        "startOffsets": "55,126,209,308",
                        "endLines": "2,3,5,7",
                        "endColumns": "70,82,12,12",
                        "endOffsets": "121,204,303,414"
                    }
                }
            ]
        }
    ]
}