{
    "logs": [
        {
            "outputFile": "C:\\Users\\jakem\\Documents\\QHacksv4\\app\\build\\intermediates\\incremental\\mergeDebugResources\\merged.dir\\values-hi\\values-hi.xml",
            "map": [
                {
                    "source": "C:\\Users\\jakem\\.gradle\\caches\\transforms-1\\files-1.1\\play-services-basement-16.1.0.aar\\f5eae91698546f43435c5b08dbeacdf4\\res\\values-hi\\values.xml",
                    "from": {
                        "startLines": "4",
                        "startColumns": "0",
                        "startOffsets": "247",
                        "endColumns": "204",
                        "endOffsets": "451"
                    },
                    "to": {
                        "startLines": "37",
                        "startColumns": "4",
                        "startOffsets": "3981",
                        "endColumns": "204",
                        "endOffsets": "4181"
                    }
                },
                {
                    "source": "C:\\Users\\jakem\\.gradle\\caches\\transforms-1\\files-1.1\\support-compat-28.0.0.aar\\0f8cbfc763fb8693934434fbafc8a96b\\res\\values-hi\\values-hi.xml",
                    "from": {
                        "startLines": "2",
                        "startColumns": "4",
                        "startOffsets": "55",
                        "endColumns": "100",
                        "endOffsets": "151"
                    },
                    "to": {
                        "startLines": "48",
                        "startColumns": "4",
                        "startOffsets": "5612",
                        "endColumns": "100",
                        "endOffsets": "5708"
                    }
                },
                {
                    "source": "C:\\Users\\jakem\\.gradle\\caches\\transforms-1\\files-1.1\\appcompat-v7-28.0.0.aar\\da2bbcc53c8ccf429f2c5683d6597b93\\res\\values-hi\\values-hi.xml",
                    "from": {
                        "startLines": "2,3,4,5,6,7,8,9,10,11,12,13,14,15,16,17,18,19,20,21,22,23,24,25,26,27,28,29",
                        "startColumns": "4,4,4,4,4,4,4,4,4,4,4,4,4,4,4,4,4,4,4,4,4,4,4,4,4,4,4,4",
                        "startOffsets": "105,211,308,418,504,606,728,805,883,974,1067,1163,1257,1358,1451,1546,1640,1731,1822,1912,2021,2124,2226,2336,2437,2549,2711,2812",
                        "endColumns": "105,96,109,85,101,121,76,77,90,92,95,93,100,92,94,93,90,90,89,108,102,101,109,100,111,161,100,79",
                        "endOffsets": "206,303,413,499,601,723,800,878,969,1062,1158,1252,1353,1446,1541,1635,1726,1817,1907,2016,2119,2221,2331,2432,2544,2706,2807,2887"
                    },
                    "to": {
                        "startLines": "2,3,4,5,6,7,8,9,10,11,12,13,14,15,16,17,18,19,20,21,22,23,24,25,26,27,28,47",
                        "startColumns": "4,4,4,4,4,4,4,4,4,4,4,4,4,4,4,4,4,4,4,4,4,4,4,4,4,4,4,4",
                        "startOffsets": "105,211,308,418,504,606,728,805,883,974,1067,1163,1257,1358,1451,1546,1640,1731,1822,1912,2021,2124,2226,2336,2437,2549,2711,5532",
                        "endColumns": "105,96,109,85,101,121,76,77,90,92,95,93,100,92,94,93,90,90,89,108,102,101,109,100,111,161,100,79",
                        "endOffsets": "206,303,413,499,601,723,800,878,969,1062,1158,1252,1353,1446,1541,1635,1726,1817,1907,2016,2119,2221,2331,2432,2544,2706,2807,5607"
                    }
                },
                {
                    "source": "C:\\Users\\jakem\\.gradle\\caches\\transforms-1\\files-1.1\\play-services-base-16.0.1.aar\\4c1a75ebcf46fecf071dc88fe60dc52b\\res\\values-hi\\values.xml",
                    "from": {
                        "startLines": "4,5,6,7,8,9,10,11,12,13,14,15,16,17,18,19,20",
                        "startColumns": "0,0,0,0,0,0,0,0,0,0,0,0,0,0,0,0,0",
                        "startOffsets": "245,351,543,667,777,987,1115,1253,1390,1606,1713,1910,2038,2238,2417,2506,2599",
                        "endColumns": "105,191,123,109,209,127,137,136,215,106,196,127,199,178,88,92,112",
                        "endOffsets": "350,542,666,776,986,1114,1252,1389,1605,1712,1909,2037,2237,2416,2505,2598,2711"
                    },
                    "to": {
                        "startLines": "29,30,31,32,33,34,35,36,38,39,40,41,42,43,44,45,46",
                        "startColumns": "4,4,4,4,4,4,4,4,4,4,4,4,4,4,4,4,4",
                        "startOffsets": "2812,2922,3114,3242,3356,3566,3698,3840,4186,4402,4513,4710,4842,5042,5225,5318,5415",
                        "endColumns": "109,191,127,113,209,131,141,140,215,110,196,131,199,182,92,96,116",
                        "endOffsets": "2917,3109,3237,3351,3561,3693,3835,3976,4397,4508,4705,4837,5037,5220,5313,5410,5527"
                    }
                }
            ]
        }
    ]
}