{
    "logs": [
        {
            "outputFile": "C:\\Users\\jakem\\Documents\\QHacksv4\\app\\build\\intermediates\\incremental\\mergeDebugResources\\merged.dir\\values-ru\\values-ru.xml",
            "map": [
                {
                    "source": "C:\\Users\\jakem\\.gradle\\caches\\transforms-1\\files-1.1\\appcompat-v7-28.0.0.aar\\da2bbcc53c8ccf429f2c5683d6597b93\\res\\values-ru\\values-ru.xml",
                    "from": {
                        "startLines": "2,3,4,5,6,7,8,9,10,11,12,13,14,15,16,17,18,19,20,21,22,23,24,25,26,27,28,29",
                        "startColumns": "4,4,4,4,4,4,4,4,4,4,4,4,4,4,4,4,4,4,4,4,4,4,4,4,4,4,4,4",
                        "startOffsets": "105,220,322,434,520,625,745,824,902,994,1088,1184,1277,1373,1467,1563,1658,1750,1842,1922,2028,2136,2234,2343,2449,2557,2732,2832",
                        "endColumns": "114,101,111,85,104,119,78,77,91,93,95,92,95,93,95,94,91,91,79,105,107,97,108,105,107,174,99,80",
                        "endOffsets": "215,317,429,515,620,740,819,897,989,1083,1179,1272,1368,1462,1558,1653,1745,1837,1917,2023,2131,2229,2338,2444,2552,2727,2827,2908"
                    },
                    "to": {
                        "startLines": "2,3,4,5,6,7,8,9,10,11,12,13,14,15,16,17,18,19,20,21,22,23,24,25,26,27,28,47",
                        "startColumns": "4,4,4,4,4,4,4,4,4,4,4,4,4,4,4,4,4,4,4,4,4,4,4,4,4,4,4,4",
                        "startOffsets": "105,220,322,434,520,625,745,824,902,994,1088,1184,1277,1373,1467,1563,1658,1750,1842,1922,2028,2136,2234,2343,2449,2557,2732,5594",
                        "endColumns": "114,101,111,85,104,119,78,77,91,93,95,92,95,93,95,94,91,91,79,105,107,97,108,105,107,174,99,80",
                        "endOffsets": "215,317,429,515,620,740,819,897,989,1083,1179,1272,1368,1462,1558,1653,1745,1837,1917,2023,2131,2229,2338,2444,2552,2727,2827,5670"
                    }
                },
                {
                    "source": "C:\\Users\\jakem\\.gradle\\caches\\transforms-1\\files-1.1\\support-compat-28.0.0.aar\\0f8cbfc763fb8693934434fbafc8a96b\\res\\values-ru\\values-ru.xml",
                    "from": {
                        "startLines": "2",
                        "startColumns": "4",
                        "startOffsets": "55",
                        "endColumns": "100",
                        "endOffsets": "151"
                    },
                    "to": {
                        "startLines": "48",
                        "startColumns": "4",
                        "startOffsets": "5675",
                        "endColumns": "100",
                        "endOffsets": "5771"
                    }
                },
                {
                    "source": "C:\\Users\\jakem\\.gradle\\caches\\transforms-1\\files-1.1\\play-services-basement-16.1.0.aar\\f5eae91698546f43435c5b08dbeacdf4\\res\\values-ru\\values.xml",
                    "from": {
                        "startLines": "4",
                        "startColumns": "0",
                        "startOffsets": "247",
                        "endColumns": "215",
                        "endOffsets": "462"
                    },
                    "to": {
                        "startLines": "37",
                        "startColumns": "4",
                        "startOffsets": "3989",
                        "endColumns": "215",
                        "endOffsets": "4200"
                    }
                },
                {
                    "source": "C:\\Users\\jakem\\.gradle\\caches\\transforms-1\\files-1.1\\play-services-base-16.0.1.aar\\4c1a75ebcf46fecf071dc88fe60dc52b\\res\\values-ru\\values.xml",
                    "from": {
                        "startLines": "4,5,6,7,8,9,10,11,12,13,14,15,16,17,18,19,20",
                        "startColumns": "0,0,0,0,0,0,0,0,0,0,0,0,0,0,0,0,0",
                        "startOffsets": "245,350,548,672,780,981,1108,1249,1378,1618,1723,1917,2041,2267,2451,2546,2632",
                        "endColumns": "104,197,123,107,200,126,140,128,239,104,193,123,225,183,94,85,110",
                        "endOffsets": "349,547,671,779,980,1107,1248,1377,1617,1722,1916,2040,2266,2450,2545,2631,2742"
                    },
                    "to": {
                        "startLines": "29,30,31,32,33,34,35,36,38,39,40,41,42,43,44,45,46",
                        "startColumns": "4,4,4,4,4,4,4,4,4,4,4,4,4,4,4,4,4",
                        "startOffsets": "2832,2941,3139,3267,3379,3580,3711,3856,4205,4445,4554,4748,4876,5102,5290,5389,5479",
                        "endColumns": "108,197,127,111,200,130,144,132,239,108,193,127,225,187,98,89,114",
                        "endOffsets": "2936,3134,3262,3374,3575,3706,3851,3984,4440,4549,4743,4871,5097,5285,5384,5474,5589"
                    }
                }
            ]
        }
    ]
}