{
    "logs": [
        {
            "outputFile": "C:\\Users\\jakem\\Documents\\QHacksv4\\app\\build\\intermediates\\incremental\\mergeDebugResources\\merged.dir\\values-night-v8\\values-night-v8.xml",
            "map": [
                {
                    "source": "C:\\Users\\jakem\\.gradle\\caches\\transforms-1\\files-1.1\\appcompat-v7-28.0.0.aar\\da2bbcc53c8ccf429f2c5683d6597b93\\res\\values-night-v8\\values-night-v8.xml",
                    "from": {
                        "startLines": "2,3,4,5,6,7,8",
                        "startColumns": "4,4,4,4,4,4,4",
                        "startOffsets": "55,125,209,293,389,491,593",
                        "endColumns": "69,83,83,95,101,101,93",
                        "endOffsets": "120,204,288,384,486,588,682"
                    }
                }
            ]
        }
    ]
}