{
    "logs": [
        {
            "outputFile": "C:\\Users\\jakem\\Documents\\QHacksv4\\app\\build\\intermediates\\incremental\\mergeDebugResources\\merged.dir\\values-es-rUS\\values-es-rUS.xml",
            "map": [
                {
                    "source": "C:\\Users\\jakem\\.gradle\\caches\\transforms-1\\files-1.1\\play-services-base-16.0.1.aar\\4c1a75ebcf46fecf071dc88fe60dc52b\\res\\values-es-rUS\\values.xml",
                    "from": {
                        "startLines": "4,5,6,7,8,9,10,11,12,13,14,15,16,17,18,19,20",
                        "startColumns": "0,0,0,0,0,0,0,0,0,0,0,0,0,0,0,0,0",
                        "startOffsets": "249,355,553,683,789,1009,1138,1287,1418,1648,1755,1956,2087,2323,2527,2623,2711",
                        "endColumns": "105,197,129,105,219,128,148,130,229,106,200,130,235,203,95,87,102",
                        "endOffsets": "354,552,682,788,1008,1137,1286,1417,1647,1754,1955,2086,2322,2526,2622,2710,2813"
                    },
                    "to": {
                        "startLines": "29,30,31,32,33,34,35,36,38,39,40,41,42,43,44,45,46",
                        "startColumns": "4,4,4,4,4,4,4,4,4,4,4,4,4,4,4,4,4",
                        "startOffsets": "2838,2948,3146,3280,3390,3610,3743,3896,4236,4466,4577,4778,4913,5149,5357,5457,5549",
                        "endColumns": "109,197,133,109,219,132,152,134,229,110,200,134,235,207,99,91,106",
                        "endOffsets": "2943,3141,3275,3385,3605,3738,3891,4026,4461,4572,4773,4908,5144,5352,5452,5544,5651"
                    }
                },
                {
                    "source": "C:\\Users\\jakem\\.gradle\\caches\\transforms-1\\files-1.1\\play-services-basement-16.1.0.aar\\f5eae91698546f43435c5b08dbeacdf4\\res\\values-es-rUS\\values.xml",
                    "from": {
                        "startLines": "4",
                        "startColumns": "0",
                        "startOffsets": "251",
                        "endColumns": "204",
                        "endOffsets": "455"
                    },
                    "to": {
                        "startLines": "37",
                        "startColumns": "4",
                        "startOffsets": "4031",
                        "endColumns": "204",
                        "endOffsets": "4231"
                    }
                },
                {
                    "source": "C:\\Users\\jakem\\.gradle\\caches\\transforms-1\\files-1.1\\support-compat-28.0.0.aar\\0f8cbfc763fb8693934434fbafc8a96b\\res\\values-es-rUS\\values-es-rUS.xml",
                    "from": {
                        "startLines": "2",
                        "startColumns": "4",
                        "startOffsets": "55",
                        "endColumns": "100",
                        "endOffsets": "151"
                    },
                    "to": {
                        "startLines": "48",
                        "startColumns": "4",
                        "startOffsets": "5738",
                        "endColumns": "100",
                        "endOffsets": "5834"
                    }
                },
                {
                    "source": "C:\\Users\\jakem\\.gradle\\caches\\transforms-1\\files-1.1\\appcompat-v7-28.0.0.aar\\da2bbcc53c8ccf429f2c5683d6597b93\\res\\values-es-rUS\\values-es-rUS.xml",
                    "from": {
                        "startLines": "2,3,4,5,6,7,8,9,10,11,12,13,14,15,16,17,18,19,20,21,22,23,24,25,26,27,28,29",
                        "startColumns": "4,4,4,4,4,4,4,4,4,4,4,4,4,4,4,4,4,4,4,4,4,4,4,4,4,4,4,4",
                        "startOffsets": "105,225,334,442,527,628,751,836,918,1009,1102,1198,1292,1392,1485,1584,1680,1771,1862,1944,2056,2156,2257,2365,2472,2579,2738,2838",
                        "endColumns": "119,108,107,84,100,122,84,81,90,92,95,93,99,92,98,95,90,90,81,111,99,100,107,106,106,158,99,81",
                        "endOffsets": "220,329,437,522,623,746,831,913,1004,1097,1193,1287,1387,1480,1579,1675,1766,1857,1939,2051,2151,2252,2360,2467,2574,2733,2833,2915"
                    },
                    "to": {
                        "startLines": "2,3,4,5,6,7,8,9,10,11,12,13,14,15,16,17,18,19,20,21,22,23,24,25,26,27,28,47",
                        "startColumns": "4,4,4,4,4,4,4,4,4,4,4,4,4,4,4,4,4,4,4,4,4,4,4,4,4,4,4,4",
                        "startOffsets": "105,225,334,442,527,628,751,836,918,1009,1102,1198,1292,1392,1485,1584,1680,1771,1862,1944,2056,2156,2257,2365,2472,2579,2738,5656",
                        "endColumns": "119,108,107,84,100,122,84,81,90,92,95,93,99,92,98,95,90,90,81,111,99,100,107,106,106,158,99,81",
                        "endOffsets": "220,329,437,522,623,746,831,913,1004,1097,1193,1287,1387,1480,1579,1675,1766,1857,1939,2051,2151,2252,2360,2467,2574,2733,2833,5733"
                    }
                }
            ]
        }
    ]
}