{
    "logs": [
        {
            "outputFile": "C:\\Users\\jakem\\Documents\\QHacksv4\\app\\build\\intermediates\\incremental\\mergeDebugResources\\merged.dir\\values-af\\values-af.xml",
            "map": [
                {
                    "source": "C:\\Users\\jakem\\.gradle\\caches\\transforms-1\\files-1.1\\play-services-basement-16.1.0.aar\\f5eae91698546f43435c5b08dbeacdf4\\res\\values-af\\values.xml",
                    "from": {
                        "startLines": "4",
                        "startColumns": "0",
                        "startOffsets": "247",
                        "endColumns": "201",
                        "endOffsets": "448"
                    },
                    "to": {
                        "startLines": "37",
                        "startColumns": "4",
                        "startOffsets": "3928",
                        "endColumns": "201",
                        "endOffsets": "4125"
                    }
                },
                {
                    "source": "C:\\Users\\jakem\\.gradle\\caches\\transforms-1\\files-1.1\\play-services-base-16.0.1.aar\\4c1a75ebcf46fecf071dc88fe60dc52b\\res\\values-af\\values.xml",
                    "from": {
                        "startLines": "4,5,6,7,8,9,10,11,12,13,14,15,16,17,18,19,20",
                        "startColumns": "0,0,0,0,0,0,0,0,0,0,0,0,0,0,0,0,0",
                        "startOffsets": "245,350,538,662,770,979,1099,1246,1373,1598,1704,1892,2017,2215,2395,2487,2576",
                        "endColumns": "104,187,123,107,208,119,146,126,224,105,187,124,197,179,91,88,103",
                        "endOffsets": "349,537,661,769,978,1098,1245,1372,1597,1703,1891,2016,2214,2394,2486,2575,2679"
                    },
                    "to": {
                        "startLines": "29,30,31,32,33,34,35,36,38,39,40,41,42,43,44,45,46",
                        "startColumns": "4,4,4,4,4,4,4,4,4,4,4,4,4,4,4,4,4",
                        "startOffsets": "2776,2885,3073,3201,3313,3522,3646,3797,4130,4355,4465,4653,4782,4980,5164,5260,5353",
                        "endColumns": "108,187,127,111,208,123,150,130,224,109,187,128,197,183,95,92,107",
                        "endOffsets": "2880,3068,3196,3308,3517,3641,3792,3923,4350,4460,4648,4777,4975,5159,5255,5348,5456"
                    }
                },
                {
                    "source": "C:\\Users\\jakem\\.gradle\\caches\\transforms-1\\files-1.1\\support-compat-28.0.0.aar\\0f8cbfc763fb8693934434fbafc8a96b\\res\\values-af\\values-af.xml",
                    "from": {
                        "startLines": "2",
                        "startColumns": "4",
                        "startOffsets": "55",
                        "endColumns": "100",
                        "endOffsets": "151"
                    },
                    "to": {
                        "startLines": "48",
                        "startColumns": "4",
                        "startOffsets": "5541",
                        "endColumns": "100",
                        "endOffsets": "5637"
                    }
                },
                {
                    "source": "C:\\Users\\jakem\\.gradle\\caches\\transforms-1\\files-1.1\\appcompat-v7-28.0.0.aar\\da2bbcc53c8ccf429f2c5683d6597b93\\res\\values-af\\values-af.xml",
                    "from": {
                        "startLines": "2,3,4,5,6,7,8,9,10,11,12,13,14,15,16,17,18,19,20,21,22,23,24,25,26,27,28,29",
                        "startColumns": "4,4,4,4,4,4,4,4,4,4,4,4,4,4,4,4,4,4,4,4,4,4,4,4,4,4,4,4",
                        "startOffsets": "105,209,309,415,500,603,721,797,874,965,1058,1154,1248,1348,1441,1536,1635,1730,1824,1905,2012,2115,2212,2320,2422,2524,2678,2776",
                        "endColumns": "103,99,105,84,102,117,75,76,90,92,95,93,99,92,94,98,94,93,80,106,102,96,107,101,101,153,97,79",
                        "endOffsets": "204,304,410,495,598,716,792,869,960,1053,1149,1243,1343,1436,1531,1630,1725,1819,1900,2007,2110,2207,2315,2417,2519,2673,2771,2851"
                    },
                    "to": {
                        "startLines": "2,3,4,5,6,7,8,9,10,11,12,13,14,15,16,17,18,19,20,21,22,23,24,25,26,27,28,47",
                        "startColumns": "4,4,4,4,4,4,4,4,4,4,4,4,4,4,4,4,4,4,4,4,4,4,4,4,4,4,4,4",
                        "startOffsets": "105,209,309,415,500,603,721,797,874,965,1058,1154,1248,1348,1441,1536,1635,1730,1824,1905,2012,2115,2212,2320,2422,2524,2678,5461",
                        "endColumns": "103,99,105,84,102,117,75,76,90,92,95,93,99,92,94,98,94,93,80,106,102,96,107,101,101,153,97,79",
                        "endOffsets": "204,304,410,495,598,716,792,869,960,1053,1149,1243,1343,1436,1531,1630,1725,1819,1900,2007,2110,2207,2315,2417,2519,2673,2771,5536"
                    }
                }
            ]
        }
    ]
}