{
    "logs": [
        {
            "outputFile": "C:\\Users\\jakem\\Documents\\QHacksv4\\app\\build\\intermediates\\incremental\\mergeDebugResources\\merged.dir\\values-zh-rCN\\values-zh-rCN.xml",
            "map": [
                {
                    "source": "C:\\Users\\jakem\\.gradle\\caches\\transforms-1\\files-1.1\\appcompat-v7-28.0.0.aar\\da2bbcc53c8ccf429f2c5683d6597b93\\res\\values-zh-rCN\\values-zh-rCN.xml",
                    "from": {
                        "startLines": "2,3,4,5,6,7,8,9,10,11,12,13,14,15,16,17,18,19,20,21,22,23,24,25,26,27,28,29",
                        "startColumns": "4,4,4,4,4,4,4,4,4,4,4,4,4,4,4,4,4,4,4,4,4,4,4,4,4,4,4,4",
                        "startOffsets": "105,201,296,396,478,575,681,757,833,924,1017,1115,1211,1306,1399,1494,1586,1677,1768,1846,1942,2038,2133,2230,2325,2423,2572,2666",
                        "endColumns": "95,94,99,81,96,105,75,75,90,92,97,95,94,92,94,91,90,90,77,95,95,94,96,94,97,148,93,77",
                        "endOffsets": "196,291,391,473,570,676,752,828,919,1012,1110,1206,1301,1394,1489,1581,1672,1763,1841,1937,2033,2128,2225,2320,2418,2567,2661,2739"
                    },
                    "to": {
                        "startLines": "2,3,4,5,6,7,8,9,10,11,12,13,14,15,16,17,18,19,20,21,22,23,24,25,26,27,28,47",
                        "startColumns": "4,4,4,4,4,4,4,4,4,4,4,4,4,4,4,4,4,4,4,4,4,4,4,4,4,4,4,4",
                        "startOffsets": "105,201,296,396,478,575,681,757,833,924,1017,1115,1211,1306,1399,1494,1586,1677,1768,1846,1942,2038,2133,2230,2325,2423,2572,4969",
                        "endColumns": "95,94,99,81,96,105,75,75,90,92,97,95,94,92,94,91,90,90,77,95,95,94,96,94,97,148,93,77",
                        "endOffsets": "196,291,391,473,570,676,752,828,919,1012,1110,1206,1301,1394,1489,1581,1672,1763,1841,1937,2033,2128,2225,2320,2418,2567,2661,5042"
                    }
                },
                {
                    "source": "C:\\Users\\jakem\\.gradle\\caches\\transforms-1\\files-1.1\\play-services-basement-16.1.0.aar\\f5eae91698546f43435c5b08dbeacdf4\\res\\values-zh-rCN\\values.xml",
                    "from": {
                        "startLines": "4",
                        "startColumns": "0",
                        "startOffsets": "251",
                        "endColumns": "157",
                        "endOffsets": "408"
                    },
                    "to": {
                        "startLines": "37",
                        "startColumns": "4",
                        "startOffsets": "3686",
                        "endColumns": "157",
                        "endOffsets": "3839"
                    }
                },
                {
                    "source": "C:\\Users\\jakem\\.gradle\\caches\\transforms-1\\files-1.1\\support-compat-28.0.0.aar\\0f8cbfc763fb8693934434fbafc8a96b\\res\\values-zh-rCN\\values-zh-rCN.xml",
                    "from": {
                        "startLines": "2",
                        "startColumns": "4",
                        "startOffsets": "55",
                        "endColumns": "100",
                        "endOffsets": "151"
                    },
                    "to": {
                        "startLines": "48",
                        "startColumns": "4",
                        "startOffsets": "5047",
                        "endColumns": "100",
                        "endOffsets": "5143"
                    }
                },
                {
                    "source": "C:\\Users\\jakem\\.gradle\\caches\\transforms-1\\files-1.1\\play-services-base-16.0.1.aar\\4c1a75ebcf46fecf071dc88fe60dc52b\\res\\values-zh-rCN\\values.xml",
                    "from": {
                        "startLines": "4,5,6,7,8,9,10,11,12,13,14,15,16,17,18,19,20",
                        "startColumns": "0,0,0,0,0,0,0,0,0,0,0,0,0,0,0,0,0",
                        "startOffsets": "249,348,509,622,722,886,1000,1128,1245,1412,1511,1672,1785,1948,2082,2164,2247",
                        "endColumns": "98,160,112,99,163,113,127,116,166,98,160,112,162,133,81,82,98",
                        "endOffsets": "347,508,621,721,885,999,1127,1244,1411,1510,1671,1784,1947,2081,2163,2246,2345"
                    },
                    "to": {
                        "startLines": "29,30,31,32,33,34,35,36,38,39,40,41,42,43,44,45,46",
                        "startColumns": "4,4,4,4,4,4,4,4,4,4,4,4,4,4,4,4,4",
                        "startOffsets": "2666,2769,2930,3047,3151,3315,3433,3565,3844,4011,4114,4275,4392,4555,4693,4779,4866",
                        "endColumns": "102,160,116,103,163,117,131,120,166,102,160,116,162,137,85,86,102",
                        "endOffsets": "2764,2925,3042,3146,3310,3428,3560,3681,4006,4109,4270,4387,4550,4688,4774,4861,4964"
                    }
                }
            ]
        }
    ]
}