[{"name":"C:\\Users\\jakem\\.gradle\\caches\\transforms-1\\files-1.1\\appcompat-v7-28.0.0.aar\\da2bbcc53c8ccf429f2c5683d6597b93\\jars\\classes.jar-0","index":0,"scopes":["EXTERNAL_LIBRARIES"],"types":["DEX_ARCHIVE"],"format":"JAR","present":true},{"name":"C:\\Users\\jakem\\.gradle\\caches\\transforms-1\\files-1.1\\appcompat-v7-28.0.0.aar\\da2bbcc53c8ccf429f2c5683d6597b93\\jars\\classes.jar-1","index":1,"scopes":["EXTERNAL_LIBRARIES"],"types":["DEX_ARCHIVE"],"format":"JAR","present":true},{"name":"C:\\Users\\jakem\\.gradle\\caches\\transforms-1\\files-1.1\\appcompat-v7-28.0.0.aar\\da2bbcc53c8ccf429f2c5683d6597b93\\jars\\classes.jar-2","index":2,"scopes":["EXTERNAL_LIBRARIES"],"types":["DEX_ARCHIVE"],"format":"JAR","present":true},{"name":"C:\\Users\\jakem\\.gradle\\caches\\transforms-1\\files-1.1\\appcompat-v7-28.0.0.aar\\da2bbcc53c8ccf429f2c5683d6597b93\\jars\\classes.jar-3","index":3,"scopes":["EXTERNAL_LIBRARIES"],"types":["DEX_ARCHIVE"],"format":"JAR","present":true},{"name":"C:\\Users\\jakem\\.gradle\\caches\\transforms-1\\files-1.1\\appcompat-v7-28.0.0.aar\\da2bbcc53c8ccf429f2c5683d6597b93\\jars\\classes.jar-4","index":4,"scopes":["EXTERNAL_LIBRARIES"],"types":["DEX_ARCHIVE"],"format":"JAR","present":true},{"name":"C:\\Users\\jakem\\.gradle\\caches\\transforms-1\\files-1.1\\appcompat-v7-28.0.0.aar\\da2bbcc53c8ccf429f2c5683d6597b93\\jars\\classes.jar-5","index":5,"scopes":["EXTERNAL_LIBRARIES"],"types":["DEX_ARCHIVE"],"format":"JAR","present":true},{"name":"C:\\Users\\jakem\\.gradle\\caches\\transforms-1\\files-1.1\\appcompat-v7-28.0.0.aar\\da2bbcc53c8ccf429f2c5683d6597b93\\jars\\classes.jar-6","index":6,"scopes":["EXTERNAL_LIBRARIES"],"types":["DEX_ARCHIVE"],"format":"JAR","present":true},{"name":"C:\\Users\\jakem\\.gradle\\caches\\transforms-1\\files-1.1\\appcompat-v7-28.0.0.aar\\da2bbcc53c8ccf429f2c5683d6597b93\\jars\\classes.jar-7","index":7,"scopes":["EXTERNAL_LIBRARIES"],"types":["DEX_ARCHIVE"],"format":"JAR","present":true},{"name":"C:\\Users\\jakem\\.gradle\\caches\\transforms-1\\files-1.1\\appcompat-v7-28.0.0.aar\\da2bbcc53c8ccf429f2c5683d6597b93\\jars\\classes.jar-8","index":8,"scopes":["EXTERNAL_LIBRARIES"],"types":["DEX_ARCHIVE"],"format":"JAR","present":true},{"name":"C:\\Users\\jakem\\.gradle\\caches\\transforms-1\\files-1.1\\appcompat-v7-28.0.0.aar\\da2bbcc53c8ccf429f2c5683d6597b93\\jars\\classes.jar-9","index":9,"scopes":["EXTERNAL_LIBRARIES"],"types":["DEX_ARCHIVE"],"format":"JAR","present":true},{"name":"C:\\Users\\jakem\\.gradle\\caches\\transforms-1\\files-1.1\\constraint-layout-1.1.3.aar\\671f2d10bf06a0b109272ead14cad129\\jars\\classes.jar-0","index":10,"scopes":["EXTERNAL_LIBRARIES"],"types":["DEX_ARCHIVE"],"format":"JAR","present":true},{"name":"C:\\Users\\jakem\\.gradle\\caches\\transforms-1\\files-1.1\\constraint-layout-1.1.3.aar\\671f2d10bf06a0b109272ead14cad129\\jars\\classes.jar-2","index":12,"scopes":["EXTERNAL_LIBRARIES"],"types":["DEX_ARCHIVE"],"format":"JAR","present":true},{"name":"C:\\Users\\jakem\\.gradle\\caches\\transforms-1\\files-1.1\\constraint-layout-1.1.3.aar\\671f2d10bf06a0b109272ead14cad129\\jars\\classes.jar-3","index":13,"scopes":["EXTERNAL_LIBRARIES"],"types":["DEX_ARCHIVE"],"format":"JAR","present":true},{"name":"C:\\Users\\jakem\\.gradle\\caches\\transforms-1\\files-1.1\\constraint-layout-1.1.3.aar\\671f2d10bf06a0b109272ead14cad129\\jars\\classes.jar-5","index":15,"scopes":["EXTERNAL_LIBRARIES"],"types":["DEX_ARCHIVE"],"format":"JAR","present":true},{"name":"C:\\Users\\jakem\\.gradle\\caches\\transforms-1\\files-1.1\\constraint-layout-1.1.3.aar\\671f2d10bf06a0b109272ead14cad129\\jars\\classes.jar-7","index":17,"scopes":["EXTERNAL_LIBRARIES"],"types":["DEX_ARCHIVE"],"format":"JAR","present":true},{"name":"C:\\Users\\jakem\\.gradle\\caches\\transforms-1\\files-1.1\\constraint-layout-1.1.3.aar\\671f2d10bf06a0b109272ead14cad129\\jars\\classes.jar-9","index":19,"scopes":["EXTERNAL_LIBRARIES"],"types":["DEX_ARCHIVE"],"format":"JAR","present":true},{"name":"C:\\Users\\jakem\\.gradle\\caches\\transforms-1\\files-1.1\\firebase-storage-16.0.5.aar\\7588566eb8a891682b844031ea744acb\\jars\\classes.jar-0","index":20,"scopes":["EXTERNAL_LIBRARIES"],"types":["DEX_ARCHIVE"],"format":"JAR","present":true},{"name":"C:\\Users\\jakem\\.gradle\\caches\\transforms-1\\files-1.1\\firebase-storage-16.0.5.aar\\7588566eb8a891682b844031ea744acb\\jars\\classes.jar-1","index":21,"scopes":["EXTERNAL_LIBRARIES"],"types":["DEX_ARCHIVE"],"format":"JAR","present":true},{"name":"C:\\Users\\jakem\\.gradle\\caches\\transforms-1\\files-1.1\\firebase-storage-16.0.5.aar\\7588566eb8a891682b844031ea744acb\\jars\\classes.jar-2","index":22,"scopes":["EXTERNAL_LIBRARIES"],"types":["DEX_ARCHIVE"],"format":"JAR","present":true},{"name":"C:\\Users\\jakem\\.gradle\\caches\\transforms-1\\files-1.1\\firebase-storage-16.0.5.aar\\7588566eb8a891682b844031ea744acb\\jars\\classes.jar-3","index":23,"scopes":["EXTERNAL_LIBRARIES"],"types":["DEX_ARCHIVE"],"format":"JAR","present":true},{"name":"C:\\Users\\jakem\\.gradle\\caches\\transforms-1\\files-1.1\\firebase-storage-16.0.5.aar\\7588566eb8a891682b844031ea744acb\\jars\\classes.jar-4","index":24,"scopes":["EXTERNAL_LIBRARIES"],"types":["DEX_ARCHIVE"],"format":"JAR","present":true},{"name":"C:\\Users\\jakem\\.gradle\\caches\\transforms-1\\files-1.1\\firebase-storage-16.0.5.aar\\7588566eb8a891682b844031ea744acb\\jars\\classes.jar-5","index":25,"scopes":["EXTERNAL_LIBRARIES"],"types":["DEX_ARCHIVE"],"format":"JAR","present":true},{"name":"C:\\Users\\jakem\\.gradle\\caches\\transforms-1\\files-1.1\\firebase-storage-16.0.5.aar\\7588566eb8a891682b844031ea744acb\\jars\\classes.jar-6","index":26,"scopes":["EXTERNAL_LIBRARIES"],"types":["DEX_ARCHIVE"],"format":"JAR","present":true},{"name":"C:\\Users\\jakem\\.gradle\\caches\\transforms-1\\files-1.1\\firebase-storage-16.0.5.aar\\7588566eb8a891682b844031ea744acb\\jars\\classes.jar-7","index":27,"scopes":["EXTERNAL_LIBRARIES"],"types":["DEX_ARCHIVE"],"format":"JAR","present":true},{"name":"C:\\Users\\jakem\\.gradle\\caches\\transforms-1\\files-1.1\\firebase-storage-16.0.5.aar\\7588566eb8a891682b844031ea744acb\\jars\\classes.jar-8","index":28,"scopes":["EXTERNAL_LIBRARIES"],"types":["DEX_ARCHIVE"],"format":"JAR","present":true},{"name":"C:\\Users\\jakem\\.gradle\\caches\\transforms-1\\files-1.1\\firebase-storage-16.0.5.aar\\7588566eb8a891682b844031ea744acb\\jars\\classes.jar-9","index":29,"scopes":["EXTERNAL_LIBRARIES"],"types":["DEX_ARCHIVE"],"format":"JAR","present":true},{"name":"C:\\Users\\jakem\\.gradle\\caches\\transforms-1\\files-1.1\\firebase-auth-16.1.0.aar\\9df7ae9ecee3c9b97a16948a0f55dd42\\jars\\classes.jar-0","index":30,"scopes":["EXTERNAL_LIBRARIES"],"types":["DEX_ARCHIVE"],"format":"JAR","present":true},{"name":"C:\\Users\\jakem\\.gradle\\caches\\transforms-1\\files-1.1\\firebase-auth-16.1.0.aar\\9df7ae9ecee3c9b97a16948a0f55dd42\\jars\\classes.jar-1","index":31,"scopes":["EXTERNAL_LIBRARIES"],"types":["DEX_ARCHIVE"],"format":"JAR","present":true},{"name":"C:\\Users\\jakem\\.gradle\\caches\\transforms-1\\files-1.1\\firebase-auth-16.1.0.aar\\9df7ae9ecee3c9b97a16948a0f55dd42\\jars\\classes.jar-2","index":32,"scopes":["EXTERNAL_LIBRARIES"],"types":["DEX_ARCHIVE"],"format":"JAR","present":true},{"name":"C:\\Users\\jakem\\.gradle\\caches\\transforms-1\\files-1.1\\firebase-auth-16.1.0.aar\\9df7ae9ecee3c9b97a16948a0f55dd42\\jars\\classes.jar-3","index":33,"scopes":["EXTERNAL_LIBRARIES"],"types":["DEX_ARCHIVE"],"format":"JAR","present":true},{"name":"C:\\Users\\jakem\\.gradle\\caches\\transforms-1\\files-1.1\\firebase-auth-16.1.0.aar\\9df7ae9ecee3c9b97a16948a0f55dd42\\jars\\classes.jar-4","index":34,"scopes":["EXTERNAL_LIBRARIES"],"types":["DEX_ARCHIVE"],"format":"JAR","present":true},{"name":"C:\\Users\\jakem\\.gradle\\caches\\transforms-1\\files-1.1\\firebase-auth-16.1.0.aar\\9df7ae9ecee3c9b97a16948a0f55dd42\\jars\\classes.jar-5","index":35,"scopes":["EXTERNAL_LIBRARIES"],"types":["DEX_ARCHIVE"],"format":"JAR","present":true},{"name":"C:\\Users\\jakem\\.gradle\\caches\\transforms-1\\files-1.1\\firebase-auth-16.1.0.aar\\9df7ae9ecee3c9b97a16948a0f55dd42\\jars\\classes.jar-6","index":36,"scopes":["EXTERNAL_LIBRARIES"],"types":["DEX_ARCHIVE"],"format":"JAR","present":true},{"name":"C:\\Users\\jakem\\.gradle\\caches\\transforms-1\\files-1.1\\firebase-auth-16.1.0.aar\\9df7ae9ecee3c9b97a16948a0f55dd42\\jars\\classes.jar-7","index":37,"scopes":["EXTERNAL_LIBRARIES"],"types":["DEX_ARCHIVE"],"format":"JAR","present":true},{"name":"C:\\Users\\jakem\\.gradle\\caches\\transforms-1\\files-1.1\\firebase-auth-16.1.0.aar\\9df7ae9ecee3c9b97a16948a0f55dd42\\jars\\classes.jar-8","index":38,"scopes":["EXTERNAL_LIBRARIES"],"types":["DEX_ARCHIVE"],"format":"JAR","present":true},{"name":"C:\\Users\\jakem\\.gradle\\caches\\transforms-1\\files-1.1\\firebase-auth-16.1.0.aar\\9df7ae9ecee3c9b97a16948a0f55dd42\\jars\\classes.jar-9","index":39,"scopes":["EXTERNAL_LIBRARIES"],"types":["DEX_ARCHIVE"],"format":"JAR","present":true},{"name":"C:\\Users\\jakem\\.gradle\\caches\\transforms-1\\files-1.1\\firebase-database-16.0.6.aar\\624410a03963df567b9cbdb5ea373c9c\\jars\\classes.jar-0","index":40,"scopes":["EXTERNAL_LIBRARIES"],"types":["DEX_ARCHIVE"],"format":"JAR","present":true},{"name":"C:\\Users\\jakem\\.gradle\\caches\\transforms-1\\files-1.1\\firebase-database-16.0.6.aar\\624410a03963df567b9cbdb5ea373c9c\\jars\\classes.jar-1","index":41,"scopes":["EXTERNAL_LIBRARIES"],"types":["DEX_ARCHIVE"],"format":"JAR","present":true},{"name":"C:\\Users\\jakem\\.gradle\\caches\\transforms-1\\files-1.1\\firebase-database-16.0.6.aar\\624410a03963df567b9cbdb5ea373c9c\\jars\\classes.jar-2","index":42,"scopes":["EXTERNAL_LIBRARIES"],"types":["DEX_ARCHIVE"],"format":"JAR","present":true},{"name":"C:\\Users\\jakem\\.gradle\\caches\\transforms-1\\files-1.1\\firebase-database-16.0.6.aar\\624410a03963df567b9cbdb5ea373c9c\\jars\\classes.jar-3","index":43,"scopes":["EXTERNAL_LIBRARIES"],"types":["DEX_ARCHIVE"],"format":"JAR","present":true},{"name":"C:\\Users\\jakem\\.gradle\\caches\\transforms-1\\files-1.1\\firebase-database-16.0.6.aar\\624410a03963df567b9cbdb5ea373c9c\\jars\\classes.jar-4","index":44,"scopes":["EXTERNAL_LIBRARIES"],"types":["DEX_ARCHIVE"],"format":"JAR","present":true},{"name":"C:\\Users\\jakem\\.gradle\\caches\\transforms-1\\files-1.1\\firebase-database-16.0.6.aar\\624410a03963df567b9cbdb5ea373c9c\\jars\\classes.jar-5","index":45,"scopes":["EXTERNAL_LIBRARIES"],"types":["DEX_ARCHIVE"],"format":"JAR","present":true},{"name":"C:\\Users\\jakem\\.gradle\\caches\\transforms-1\\files-1.1\\firebase-database-16.0.6.aar\\624410a03963df567b9cbdb5ea373c9c\\jars\\classes.jar-6","index":46,"scopes":["EXTERNAL_LIBRARIES"],"types":["DEX_ARCHIVE"],"format":"JAR","present":true},{"name":"C:\\Users\\jakem\\.gradle\\caches\\transforms-1\\files-1.1\\firebase-database-16.0.6.aar\\624410a03963df567b9cbdb5ea373c9c\\jars\\classes.jar-7","index":47,"scopes":["EXTERNAL_LIBRARIES"],"types":["DEX_ARCHIVE"],"format":"JAR","present":true},{"name":"C:\\Users\\jakem\\.gradle\\caches\\transforms-1\\files-1.1\\firebase-database-16.0.6.aar\\624410a03963df567b9cbdb5ea373c9c\\jars\\classes.jar-8","index":48,"scopes":["EXTERNAL_LIBRARIES"],"types":["DEX_ARCHIVE"],"format":"JAR","present":true},{"name":"C:\\Users\\jakem\\.gradle\\caches\\transforms-1\\files-1.1\\firebase-database-16.0.6.aar\\624410a03963df567b9cbdb5ea373c9c\\jars\\classes.jar-9","index":49,"scopes":["EXTERNAL_LIBRARIES"],"types":["DEX_ARCHIVE"],"format":"JAR","present":true},{"name":"C:\\Users\\jakem\\.gradle\\caches\\transforms-1\\files-1.1\\play-services-flags-16.0.1.aar\\b853fecdd2417fa3bbafbd1374b368d3\\jars\\classes.jar-0","index":50,"scopes":["EXTERNAL_LIBRARIES"],"types":["DEX_ARCHIVE"],"format":"JAR","present":true},{"name":"C:\\Users\\jakem\\.gradle\\caches\\transforms-1\\files-1.1\\play-services-flags-16.0.1.aar\\b853fecdd2417fa3bbafbd1374b368d3\\jars\\classes.jar-1","index":51,"scopes":["EXTERNAL_LIBRARIES"],"types":["DEX_ARCHIVE"],"format":"JAR","present":true},{"name":"C:\\Users\\jakem\\.gradle\\caches\\transforms-1\\files-1.1\\play-services-flags-16.0.1.aar\\b853fecdd2417fa3bbafbd1374b368d3\\jars\\classes.jar-2","index":52,"scopes":["EXTERNAL_LIBRARIES"],"types":["DEX_ARCHIVE"],"format":"JAR","present":true},{"name":"C:\\Users\\jakem\\.gradle\\caches\\transforms-1\\files-1.1\\play-services-flags-16.0.1.aar\\b853fecdd2417fa3bbafbd1374b368d3\\jars\\classes.jar-3","index":53,"scopes":["EXTERNAL_LIBRARIES"],"types":["DEX_ARCHIVE"],"format":"JAR","present":true},{"name":"C:\\Users\\jakem\\.gradle\\caches\\transforms-1\\files-1.1\\play-services-flags-16.0.1.aar\\b853fecdd2417fa3bbafbd1374b368d3\\jars\\classes.jar-4","index":54,"scopes":["EXTERNAL_LIBRARIES"],"types":["DEX_ARCHIVE"],"format":"JAR","present":true},{"name":"C:\\Users\\jakem\\.gradle\\caches\\transforms-1\\files-1.1\\play-services-flags-16.0.1.aar\\b853fecdd2417fa3bbafbd1374b368d3\\jars\\classes.jar-5","index":55,"scopes":["EXTERNAL_LIBRARIES"],"types":["DEX_ARCHIVE"],"format":"JAR","present":true},{"name":"C:\\Users\\jakem\\.gradle\\caches\\transforms-1\\files-1.1\\play-services-flags-16.0.1.aar\\b853fecdd2417fa3bbafbd1374b368d3\\jars\\classes.jar-6","index":56,"scopes":["EXTERNAL_LIBRARIES"],"types":["DEX_ARCHIVE"],"format":"JAR","present":true},{"name":"C:\\Users\\jakem\\.gradle\\caches\\transforms-1\\files-1.1\\play-services-flags-16.0.1.aar\\b853fecdd2417fa3bbafbd1374b368d3\\jars\\classes.jar-7","index":57,"scopes":["EXTERNAL_LIBRARIES"],"types":["DEX_ARCHIVE"],"format":"JAR","present":true},{"name":"C:\\Users\\jakem\\.gradle\\caches\\transforms-1\\files-1.1\\play-services-flags-16.0.1.aar\\b853fecdd2417fa3bbafbd1374b368d3\\jars\\classes.jar-8","index":58,"scopes":["EXTERNAL_LIBRARIES"],"types":["DEX_ARCHIVE"],"format":"JAR","present":true},{"name":"C:\\Users\\jakem\\.gradle\\caches\\transforms-1\\files-1.1\\play-services-flags-16.0.1.aar\\b853fecdd2417fa3bbafbd1374b368d3\\jars\\classes.jar-9","index":59,"scopes":["EXTERNAL_LIBRARIES"],"types":["DEX_ARCHIVE"],"format":"JAR","present":true},{"name":"C:\\Users\\jakem\\.gradle\\caches\\transforms-1\\files-1.1\\firebase-auth-interop-16.0.1.aar\\bf69aee5c9d2b22750cabf879678425e\\jars\\classes.jar-5","index":65,"scopes":["EXTERNAL_LIBRARIES"],"types":["DEX_ARCHIVE"],"format":"JAR","present":true},{"name":"C:\\Users\\jakem\\.gradle\\caches\\transforms-1\\files-1.1\\play-services-base-16.0.1.aar\\4c1a75ebcf46fecf071dc88fe60dc52b\\jars\\classes.jar-0","index":70,"scopes":["EXTERNAL_LIBRARIES"],"types":["DEX_ARCHIVE"],"format":"JAR","present":true},{"name":"C:\\Users\\jakem\\.gradle\\caches\\transforms-1\\files-1.1\\play-services-base-16.0.1.aar\\4c1a75ebcf46fecf071dc88fe60dc52b\\jars\\classes.jar-1","index":71,"scopes":["EXTERNAL_LIBRARIES"],"types":["DEX_ARCHIVE"],"format":"JAR","present":true},{"name":"C:\\Users\\jakem\\.gradle\\caches\\transforms-1\\files-1.1\\play-services-base-16.0.1.aar\\4c1a75ebcf46fecf071dc88fe60dc52b\\jars\\classes.jar-2","index":72,"scopes":["EXTERNAL_LIBRARIES"],"types":["DEX_ARCHIVE"],"format":"JAR","present":true},{"name":"C:\\Users\\jakem\\.gradle\\caches\\transforms-1\\files-1.1\\play-services-base-16.0.1.aar\\4c1a75ebcf46fecf071dc88fe60dc52b\\jars\\classes.jar-3","index":73,"scopes":["EXTERNAL_LIBRARIES"],"types":["DEX_ARCHIVE"],"format":"JAR","present":true},{"name":"C:\\Users\\jakem\\.gradle\\caches\\transforms-1\\files-1.1\\play-services-base-16.0.1.aar\\4c1a75ebcf46fecf071dc88fe60dc52b\\jars\\classes.jar-4","index":74,"scopes":["EXTERNAL_LIBRARIES"],"types":["DEX_ARCHIVE"],"format":"JAR","present":true},{"name":"C:\\Users\\jakem\\.gradle\\caches\\transforms-1\\files-1.1\\play-services-base-16.0.1.aar\\4c1a75ebcf46fecf071dc88fe60dc52b\\jars\\classes.jar-5","index":75,"scopes":["EXTERNAL_LIBRARIES"],"types":["DEX_ARCHIVE"],"format":"JAR","present":true},{"name":"C:\\Users\\jakem\\.gradle\\caches\\transforms-1\\files-1.1\\play-services-base-16.0.1.aar\\4c1a75ebcf46fecf071dc88fe60dc52b\\jars\\classes.jar-6","index":76,"scopes":["EXTERNAL_LIBRARIES"],"types":["DEX_ARCHIVE"],"format":"JAR","present":true},{"name":"C:\\Users\\jakem\\.gradle\\caches\\transforms-1\\files-1.1\\play-services-base-16.0.1.aar\\4c1a75ebcf46fecf071dc88fe60dc52b\\jars\\classes.jar-7","index":77,"scopes":["EXTERNAL_LIBRARIES"],"types":["DEX_ARCHIVE"],"format":"JAR","present":true},{"name":"C:\\Users\\jakem\\.gradle\\caches\\transforms-1\\files-1.1\\play-services-base-16.0.1.aar\\4c1a75ebcf46fecf071dc88fe60dc52b\\jars\\classes.jar-8","index":78,"scopes":["EXTERNAL_LIBRARIES"],"types":["DEX_ARCHIVE"],"format":"JAR","present":true},{"name":"C:\\Users\\jakem\\.gradle\\caches\\transforms-1\\files-1.1\\play-services-base-16.0.1.aar\\4c1a75ebcf46fecf071dc88fe60dc52b\\jars\\classes.jar-9","index":79,"scopes":["EXTERNAL_LIBRARIES"],"types":["DEX_ARCHIVE"],"format":"JAR","present":true},{"name":"C:\\Users\\jakem\\.gradle\\caches\\transforms-1\\files-1.1\\firebase-common-16.0.4.aar\\e9b32fdbe39b22acb42c2bf0ce466521\\jars\\classes.jar-0","index":80,"scopes":["EXTERNAL_LIBRARIES"],"types":["DEX_ARCHIVE"],"format":"JAR","present":true},{"name":"C:\\Users\\jakem\\.gradle\\caches\\transforms-1\\files-1.1\\firebase-common-16.0.4.aar\\e9b32fdbe39b22acb42c2bf0ce466521\\jars\\classes.jar-1","index":81,"scopes":["EXTERNAL_LIBRARIES"],"types":["DEX_ARCHIVE"],"format":"JAR","present":true},{"name":"C:\\Users\\jakem\\.gradle\\caches\\transforms-1\\files-1.1\\firebase-common-16.0.4.aar\\e9b32fdbe39b22acb42c2bf0ce466521\\jars\\classes.jar-2","index":82,"scopes":["EXTERNAL_LIBRARIES"],"types":["DEX_ARCHIVE"],"format":"JAR","present":true},{"name":"C:\\Users\\jakem\\.gradle\\caches\\transforms-1\\files-1.1\\firebase-common-16.0.4.aar\\e9b32fdbe39b22acb42c2bf0ce466521\\jars\\classes.jar-3","index":83,"scopes":["EXTERNAL_LIBRARIES"],"types":["DEX_ARCHIVE"],"format":"JAR","present":true},{"name":"C:\\Users\\jakem\\.gradle\\caches\\transforms-1\\files-1.1\\firebase-common-16.0.4.aar\\e9b32fdbe39b22acb42c2bf0ce466521\\jars\\classes.jar-4","index":84,"scopes":["EXTERNAL_LIBRARIES"],"types":["DEX_ARCHIVE"],"format":"JAR","present":true},{"name":"C:\\Users\\jakem\\.gradle\\caches\\transforms-1\\files-1.1\\firebase-common-16.0.4.aar\\e9b32fdbe39b22acb42c2bf0ce466521\\jars\\classes.jar-5","index":85,"scopes":["EXTERNAL_LIBRARIES"],"types":["DEX_ARCHIVE"],"format":"JAR","present":true},{"name":"C:\\Users\\jakem\\.gradle\\caches\\transforms-1\\files-1.1\\firebase-common-16.0.4.aar\\e9b32fdbe39b22acb42c2bf0ce466521\\jars\\classes.jar-6","index":86,"scopes":["EXTERNAL_LIBRARIES"],"types":["DEX_ARCHIVE"],"format":"JAR","present":true},{"name":"C:\\Users\\jakem\\.gradle\\caches\\transforms-1\\files-1.1\\firebase-common-16.0.4.aar\\e9b32fdbe39b22acb42c2bf0ce466521\\jars\\classes.jar-7","index":87,"scopes":["EXTERNAL_LIBRARIES"],"types":["DEX_ARCHIVE"],"format":"JAR","present":true},{"name":"C:\\Users\\jakem\\.gradle\\caches\\transforms-1\\files-1.1\\firebase-common-16.0.4.aar\\e9b32fdbe39b22acb42c2bf0ce466521\\jars\\classes.jar-8","index":88,"scopes":["EXTERNAL_LIBRARIES"],"types":["DEX_ARCHIVE"],"format":"JAR","present":true},{"name":"C:\\Users\\jakem\\.gradle\\caches\\transforms-1\\files-1.1\\firebase-common-16.0.4.aar\\e9b32fdbe39b22acb42c2bf0ce466521\\jars\\classes.jar-9","index":89,"scopes":["EXTERNAL_LIBRARIES"],"types":["DEX_ARCHIVE"],"format":"JAR","present":true},{"name":"C:\\Users\\jakem\\.gradle\\caches\\transforms-1\\files-1.1\\play-services-tasks-16.0.1.aar\\e81088648376e181b110041108f1718e\\jars\\classes.jar-0","index":90,"scopes":["EXTERNAL_LIBRARIES"],"types":["DEX_ARCHIVE"],"format":"JAR","present":true},{"name":"C:\\Users\\jakem\\.gradle\\caches\\transforms-1\\files-1.1\\play-services-tasks-16.0.1.aar\\e81088648376e181b110041108f1718e\\jars\\classes.jar-1","index":91,"scopes":["EXTERNAL_LIBRARIES"],"types":["DEX_ARCHIVE"],"format":"JAR","present":true},{"name":"C:\\Users\\jakem\\.gradle\\caches\\transforms-1\\files-1.1\\play-services-tasks-16.0.1.aar\\e81088648376e181b110041108f1718e\\jars\\classes.jar-2","index":92,"scopes":["EXTERNAL_LIBRARIES"],"types":["DEX_ARCHIVE"],"format":"JAR","present":true},{"name":"C:\\Users\\jakem\\.gradle\\caches\\transforms-1\\files-1.1\\play-services-tasks-16.0.1.aar\\e81088648376e181b110041108f1718e\\jars\\classes.jar-3","index":93,"scopes":["EXTERNAL_LIBRARIES"],"types":["DEX_ARCHIVE"],"format":"JAR","present":true},{"name":"C:\\Users\\jakem\\.gradle\\caches\\transforms-1\\files-1.1\\play-services-tasks-16.0.1.aar\\e81088648376e181b110041108f1718e\\jars\\classes.jar-4","index":94,"scopes":["EXTERNAL_LIBRARIES"],"types":["DEX_ARCHIVE"],"format":"JAR","present":true},{"name":"C:\\Users\\jakem\\.gradle\\caches\\transforms-1\\files-1.1\\play-services-tasks-16.0.1.aar\\e81088648376e181b110041108f1718e\\jars\\classes.jar-5","index":95,"scopes":["EXTERNAL_LIBRARIES"],"types":["DEX_ARCHIVE"],"format":"JAR","present":true},{"name":"C:\\Users\\jakem\\.gradle\\caches\\transforms-1\\files-1.1\\play-services-tasks-16.0.1.aar\\e81088648376e181b110041108f1718e\\jars\\classes.jar-6","index":96,"scopes":["EXTERNAL_LIBRARIES"],"types":["DEX_ARCHIVE"],"format":"JAR","present":true},{"name":"C:\\Users\\jakem\\.gradle\\caches\\transforms-1\\files-1.1\\play-services-tasks-16.0.1.aar\\e81088648376e181b110041108f1718e\\jars\\classes.jar-7","index":97,"scopes":["EXTERNAL_LIBRARIES"],"types":["DEX_ARCHIVE"],"format":"JAR","present":true},{"name":"C:\\Users\\jakem\\.gradle\\caches\\transforms-1\\files-1.1\\play-services-tasks-16.0.1.aar\\e81088648376e181b110041108f1718e\\jars\\classes.jar-8","index":98,"scopes":["EXTERNAL_LIBRARIES"],"types":["DEX_ARCHIVE"],"format":"JAR","present":true},{"name":"C:\\Users\\jakem\\.gradle\\caches\\transforms-1\\files-1.1\\play-services-tasks-16.0.1.aar\\e81088648376e181b110041108f1718e\\jars\\classes.jar-9","index":99,"scopes":["EXTERNAL_LIBRARIES"],"types":["DEX_ARCHIVE"],"format":"JAR","present":true},{"name":"C:\\Users\\jakem\\.gradle\\caches\\transforms-1\\files-1.1\\play-services-basement-16.1.0.aar\\f5eae91698546f43435c5b08dbeacdf4\\jars\\classes.jar-0","index":100,"scopes":["EXTERNAL_LIBRARIES"],"types":["DEX_ARCHIVE"],"format":"JAR","present":true},{"name":"C:\\Users\\jakem\\.gradle\\caches\\transforms-1\\files-1.1\\play-services-basement-16.1.0.aar\\f5eae91698546f43435c5b08dbeacdf4\\jars\\classes.jar-1","index":101,"scopes":["EXTERNAL_LIBRARIES"],"types":["DEX_ARCHIVE"],"format":"JAR","present":true},{"name":"C:\\Users\\jakem\\.gradle\\caches\\transforms-1\\files-1.1\\play-services-basement-16.1.0.aar\\f5eae91698546f43435c5b08dbeacdf4\\jars\\classes.jar-2","index":102,"scopes":["EXTERNAL_LIBRARIES"],"types":["DEX_ARCHIVE"],"format":"JAR","present":true},{"name":"C:\\Users\\jakem\\.gradle\\caches\\transforms-1\\files-1.1\\play-services-basement-16.1.0.aar\\f5eae91698546f43435c5b08dbeacdf4\\jars\\classes.jar-3","index":103,"scopes":["EXTERNAL_LIBRARIES"],"types":["DEX_ARCHIVE"],"format":"JAR","present":true},{"name":"C:\\Users\\jakem\\.gradle\\caches\\transforms-1\\files-1.1\\play-services-basement-16.1.0.aar\\f5eae91698546f43435c5b08dbeacdf4\\jars\\classes.jar-4","index":104,"scopes":["EXTERNAL_LIBRARIES"],"types":["DEX_ARCHIVE"],"format":"JAR","present":true},{"name":"C:\\Users\\jakem\\.gradle\\caches\\transforms-1\\files-1.1\\play-services-basement-16.1.0.aar\\f5eae91698546f43435c5b08dbeacdf4\\jars\\classes.jar-5","index":105,"scopes":["EXTERNAL_LIBRARIES"],"types":["DEX_ARCHIVE"],"format":"JAR","present":true},{"name":"C:\\Users\\jakem\\.gradle\\caches\\transforms-1\\files-1.1\\play-services-basement-16.1.0.aar\\f5eae91698546f43435c5b08dbeacdf4\\jars\\classes.jar-6","index":106,"scopes":["EXTERNAL_LIBRARIES"],"types":["DEX_ARCHIVE"],"format":"JAR","present":true},{"name":"C:\\Users\\jakem\\.gradle\\caches\\transforms-1\\files-1.1\\play-services-basement-16.1.0.aar\\f5eae91698546f43435c5b08dbeacdf4\\jars\\classes.jar-7","index":107,"scopes":["EXTERNAL_LIBRARIES"],"types":["DEX_ARCHIVE"],"format":"JAR","present":true},{"name":"C:\\Users\\jakem\\.gradle\\caches\\transforms-1\\files-1.1\\play-services-basement-16.1.0.aar\\f5eae91698546f43435c5b08dbeacdf4\\jars\\classes.jar-8","index":108,"scopes":["EXTERNAL_LIBRARIES"],"types":["DEX_ARCHIVE"],"format":"JAR","present":true},{"name":"C:\\Users\\jakem\\.gradle\\caches\\transforms-1\\files-1.1\\play-services-basement-16.1.0.aar\\f5eae91698546f43435c5b08dbeacdf4\\jars\\classes.jar-9","index":109,"scopes":["EXTERNAL_LIBRARIES"],"types":["DEX_ARCHIVE"],"format":"JAR","present":true},{"name":"C:\\Users\\jakem\\.gradle\\caches\\transforms-1\\files-1.1\\support-v4-26.1.0.aar\\d6945bbf8b08fd13cc2ea44369f6b2d2\\jars\\classes.jar-1","index":111,"scopes":["EXTERNAL_LIBRARIES"],"types":["DEX_ARCHIVE"],"format":"JAR","present":true},{"name":"C:\\Users\\jakem\\.gradle\\caches\\transforms-1\\files-1.1\\support-fragment-28.0.0.aar\\f4d2d608b891d3bead83b0f57c023774\\jars\\classes.jar-0","index":120,"scopes":["EXTERNAL_LIBRARIES"],"types":["DEX_ARCHIVE"],"format":"JAR","present":true},{"name":"C:\\Users\\jakem\\.gradle\\caches\\transforms-1\\files-1.1\\support-fragment-28.0.0.aar\\f4d2d608b891d3bead83b0f57c023774\\jars\\classes.jar-1","index":121,"scopes":["EXTERNAL_LIBRARIES"],"types":["DEX_ARCHIVE"],"format":"JAR","present":true},{"name":"C:\\Users\\jakem\\.gradle\\caches\\transforms-1\\files-1.1\\support-fragment-28.0.0.aar\\f4d2d608b891d3bead83b0f57c023774\\jars\\classes.jar-2","index":122,"scopes":["EXTERNAL_LIBRARIES"],"types":["DEX_ARCHIVE"],"format":"JAR","present":true},{"name":"C:\\Users\\jakem\\.gradle\\caches\\transforms-1\\files-1.1\\support-fragment-28.0.0.aar\\f4d2d608b891d3bead83b0f57c023774\\jars\\classes.jar-3","index":123,"scopes":["EXTERNAL_LIBRARIES"],"types":["DEX_ARCHIVE"],"format":"JAR","present":true},{"name":"C:\\Users\\jakem\\.gradle\\caches\\transforms-1\\files-1.1\\support-fragment-28.0.0.aar\\f4d2d608b891d3bead83b0f57c023774\\jars\\classes.jar-4","index":124,"scopes":["EXTERNAL_LIBRARIES"],"types":["DEX_ARCHIVE"],"format":"JAR","present":true},{"name":"C:\\Users\\jakem\\.gradle\\caches\\transforms-1\\files-1.1\\support-fragment-28.0.0.aar\\f4d2d608b891d3bead83b0f57c023774\\jars\\classes.jar-5","index":125,"scopes":["EXTERNAL_LIBRARIES"],"types":["DEX_ARCHIVE"],"format":"JAR","present":true},{"name":"C:\\Users\\jakem\\.gradle\\caches\\transforms-1\\files-1.1\\support-fragment-28.0.0.aar\\f4d2d608b891d3bead83b0f57c023774\\jars\\classes.jar-6","index":126,"scopes":["EXTERNAL_LIBRARIES"],"types":["DEX_ARCHIVE"],"format":"JAR","present":true},{"name":"C:\\Users\\jakem\\.gradle\\caches\\transforms-1\\files-1.1\\support-fragment-28.0.0.aar\\f4d2d608b891d3bead83b0f57c023774\\jars\\classes.jar-7","index":127,"scopes":["EXTERNAL_LIBRARIES"],"types":["DEX_ARCHIVE"],"format":"JAR","present":true},{"name":"C:\\Users\\jakem\\.gradle\\caches\\transforms-1\\files-1.1\\support-fragment-28.0.0.aar\\f4d2d608b891d3bead83b0f57c023774\\jars\\classes.jar-8","index":128,"scopes":["EXTERNAL_LIBRARIES"],"types":["DEX_ARCHIVE"],"format":"JAR","present":true},{"name":"C:\\Users\\jakem\\.gradle\\caches\\transforms-1\\files-1.1\\support-fragment-28.0.0.aar\\f4d2d608b891d3bead83b0f57c023774\\jars\\classes.jar-9","index":129,"scopes":["EXTERNAL_LIBRARIES"],"types":["DEX_ARCHIVE"],"format":"JAR","present":true},{"name":"C:\\Users\\jakem\\.gradle\\caches\\transforms-1\\files-1.1\\animated-vector-drawable-28.0.0.aar\\dbf4fdca89dc9d5a23f7158f608416fe\\jars\\classes.jar-0","index":130,"scopes":["EXTERNAL_LIBRARIES"],"types":["DEX_ARCHIVE"],"format":"JAR","present":true},{"name":"C:\\Users\\jakem\\.gradle\\caches\\transforms-1\\files-1.1\\animated-vector-drawable-28.0.0.aar\\dbf4fdca89dc9d5a23f7158f608416fe\\jars\\classes.jar-1","index":131,"scopes":["EXTERNAL_LIBRARIES"],"types":["DEX_ARCHIVE"],"format":"JAR","present":true},{"name":"C:\\Users\\jakem\\.gradle\\caches\\transforms-1\\files-1.1\\animated-vector-drawable-28.0.0.aar\\dbf4fdca89dc9d5a23f7158f608416fe\\jars\\classes.jar-2","index":132,"scopes":["EXTERNAL_LIBRARIES"],"types":["DEX_ARCHIVE"],"format":"JAR","present":true},{"name":"C:\\Users\\jakem\\.gradle\\caches\\transforms-1\\files-1.1\\animated-vector-drawable-28.0.0.aar\\dbf4fdca89dc9d5a23f7158f608416fe\\jars\\classes.jar-4","index":134,"scopes":["EXTERNAL_LIBRARIES"],"types":["DEX_ARCHIVE"],"format":"JAR","present":true},{"name":"C:\\Users\\jakem\\.gradle\\caches\\transforms-1\\files-1.1\\animated-vector-drawable-28.0.0.aar\\dbf4fdca89dc9d5a23f7158f608416fe\\jars\\classes.jar-5","index":135,"scopes":["EXTERNAL_LIBRARIES"],"types":["DEX_ARCHIVE"],"format":"JAR","present":true},{"name":"C:\\Users\\jakem\\.gradle\\caches\\transforms-1\\files-1.1\\animated-vector-drawable-28.0.0.aar\\dbf4fdca89dc9d5a23f7158f608416fe\\jars\\classes.jar-6","index":136,"scopes":["EXTERNAL_LIBRARIES"],"types":["DEX_ARCHIVE"],"format":"JAR","present":true},{"name":"C:\\Users\\jakem\\.gradle\\caches\\transforms-1\\files-1.1\\animated-vector-drawable-28.0.0.aar\\dbf4fdca89dc9d5a23f7158f608416fe\\jars\\classes.jar-7","index":137,"scopes":["EXTERNAL_LIBRARIES"],"types":["DEX_ARCHIVE"],"format":"JAR","present":true},{"name":"C:\\Users\\jakem\\.gradle\\caches\\transforms-1\\files-1.1\\animated-vector-drawable-28.0.0.aar\\dbf4fdca89dc9d5a23f7158f608416fe\\jars\\classes.jar-9","index":139,"scopes":["EXTERNAL_LIBRARIES"],"types":["DEX_ARCHIVE"],"format":"JAR","present":true},{"name":"C:\\Users\\jakem\\.gradle\\caches\\transforms-1\\files-1.1\\support-core-ui-28.0.0.aar\\a357b1e5405bb778e606de5a969a9513\\jars\\classes.jar-2","index":142,"scopes":["EXTERNAL_LIBRARIES"],"types":["DEX_ARCHIVE"],"format":"JAR","present":true},{"name":"C:\\Users\\jakem\\.gradle\\caches\\transforms-1\\files-1.1\\support-core-ui-28.0.0.aar\\a357b1e5405bb778e606de5a969a9513\\jars\\classes.jar-4","index":144,"scopes":["EXTERNAL_LIBRARIES"],"types":["DEX_ARCHIVE"],"format":"JAR","present":true},{"name":"C:\\Users\\jakem\\.gradle\\caches\\transforms-1\\files-1.1\\support-core-ui-28.0.0.aar\\a357b1e5405bb778e606de5a969a9513\\jars\\classes.jar-5","index":145,"scopes":["EXTERNAL_LIBRARIES"],"types":["DEX_ARCHIVE"],"format":"JAR","present":true},{"name":"C:\\Users\\jakem\\.gradle\\caches\\transforms-1\\files-1.1\\support-core-ui-28.0.0.aar\\a357b1e5405bb778e606de5a969a9513\\jars\\classes.jar-6","index":146,"scopes":["EXTERNAL_LIBRARIES"],"types":["DEX_ARCHIVE"],"format":"JAR","present":true},{"name":"C:\\Users\\jakem\\.gradle\\caches\\transforms-1\\files-1.1\\support-core-ui-28.0.0.aar\\a357b1e5405bb778e606de5a969a9513\\jars\\classes.jar-7","index":147,"scopes":["EXTERNAL_LIBRARIES"],"types":["DEX_ARCHIVE"],"format":"JAR","present":true},{"name":"C:\\Users\\jakem\\.gradle\\caches\\transforms-1\\files-1.1\\support-core-ui-28.0.0.aar\\a357b1e5405bb778e606de5a969a9513\\jars\\classes.jar-8","index":148,"scopes":["EXTERNAL_LIBRARIES"],"types":["DEX_ARCHIVE"],"format":"JAR","present":true},{"name":"C:\\Users\\jakem\\.gradle\\caches\\transforms-1\\files-1.1\\support-core-utils-28.0.0.aar\\9e57b2e412c096289d86a36315c00dd5\\jars\\classes.jar-6","index":156,"scopes":["EXTERNAL_LIBRARIES"],"types":["DEX_ARCHIVE"],"format":"JAR","present":true},{"name":"C:\\Users\\jakem\\.gradle\\caches\\transforms-1\\files-1.1\\support-vector-drawable-28.0.0.aar\\4030e8a1e4208d33d7f6356eff179c18\\jars\\classes.jar-0","index":160,"scopes":["EXTERNAL_LIBRARIES"],"types":["DEX_ARCHIVE"],"format":"JAR","present":true},{"name":"C:\\Users\\jakem\\.gradle\\caches\\transforms-1\\files-1.1\\support-vector-drawable-28.0.0.aar\\4030e8a1e4208d33d7f6356eff179c18\\jars\\classes.jar-1","index":161,"scopes":["EXTERNAL_LIBRARIES"],"types":["DEX_ARCHIVE"],"format":"JAR","present":true},{"name":"C:\\Users\\jakem\\.gradle\\caches\\transforms-1\\files-1.1\\support-vector-drawable-28.0.0.aar\\4030e8a1e4208d33d7f6356eff179c18\\jars\\classes.jar-3","index":163,"scopes":["EXTERNAL_LIBRARIES"],"types":["DEX_ARCHIVE"],"format":"JAR","present":true},{"name":"C:\\Users\\jakem\\.gradle\\caches\\transforms-1\\files-1.1\\support-vector-drawable-28.0.0.aar\\4030e8a1e4208d33d7f6356eff179c18\\jars\\classes.jar-4","index":164,"scopes":["EXTERNAL_LIBRARIES"],"types":["DEX_ARCHIVE"],"format":"JAR","present":true},{"name":"C:\\Users\\jakem\\.gradle\\caches\\transforms-1\\files-1.1\\support-vector-drawable-28.0.0.aar\\4030e8a1e4208d33d7f6356eff179c18\\jars\\classes.jar-7","index":167,"scopes":["EXTERNAL_LIBRARIES"],"types":["DEX_ARCHIVE"],"format":"JAR","present":true},{"name":"C:\\Users\\jakem\\.gradle\\caches\\transforms-1\\files-1.1\\support-vector-drawable-28.0.0.aar\\4030e8a1e4208d33d7f6356eff179c18\\jars\\classes.jar-8","index":168,"scopes":["EXTERNAL_LIBRARIES"],"types":["DEX_ARCHIVE"],"format":"JAR","present":true},{"name":"C:\\Users\\jakem\\.gradle\\caches\\transforms-1\\files-1.1\\loader-28.0.0.aar\\c2c3099d6217e26cff9d299c61debd96\\jars\\classes.jar-0","index":170,"scopes":["EXTERNAL_LIBRARIES"],"types":["DEX_ARCHIVE"],"format":"JAR","present":true},{"name":"C:\\Users\\jakem\\.gradle\\caches\\transforms-1\\files-1.1\\loader-28.0.0.aar\\c2c3099d6217e26cff9d299c61debd96\\jars\\classes.jar-1","index":171,"scopes":["EXTERNAL_LIBRARIES"],"types":["DEX_ARCHIVE"],"format":"JAR","present":true},{"name":"C:\\Users\\jakem\\.gradle\\caches\\transforms-1\\files-1.1\\loader-28.0.0.aar\\c2c3099d6217e26cff9d299c61debd96\\jars\\classes.jar-2","index":172,"scopes":["EXTERNAL_LIBRARIES"],"types":["DEX_ARCHIVE"],"format":"JAR","present":true},{"name":"C:\\Users\\jakem\\.gradle\\caches\\transforms-1\\files-1.1\\loader-28.0.0.aar\\c2c3099d6217e26cff9d299c61debd96\\jars\\classes.jar-3","index":173,"scopes":["EXTERNAL_LIBRARIES"],"types":["DEX_ARCHIVE"],"format":"JAR","present":true},{"name":"C:\\Users\\jakem\\.gradle\\caches\\transforms-1\\files-1.1\\loader-28.0.0.aar\\c2c3099d6217e26cff9d299c61debd96\\jars\\classes.jar-4","index":174,"scopes":["EXTERNAL_LIBRARIES"],"types":["DEX_ARCHIVE"],"format":"JAR","present":true},{"name":"C:\\Users\\jakem\\.gradle\\caches\\transforms-1\\files-1.1\\loader-28.0.0.aar\\c2c3099d6217e26cff9d299c61debd96\\jars\\classes.jar-5","index":175,"scopes":["EXTERNAL_LIBRARIES"],"types":["DEX_ARCHIVE"],"format":"JAR","present":true},{"name":"C:\\Users\\jakem\\.gradle\\caches\\transforms-1\\files-1.1\\loader-28.0.0.aar\\c2c3099d6217e26cff9d299c61debd96\\jars\\classes.jar-6","index":176,"scopes":["EXTERNAL_LIBRARIES"],"types":["DEX_ARCHIVE"],"format":"JAR","present":true},{"name":"C:\\Users\\jakem\\.gradle\\caches\\transforms-1\\files-1.1\\loader-28.0.0.aar\\c2c3099d6217e26cff9d299c61debd96\\jars\\classes.jar-7","index":177,"scopes":["EXTERNAL_LIBRARIES"],"types":["DEX_ARCHIVE"],"format":"JAR","present":true},{"name":"C:\\Users\\jakem\\.gradle\\caches\\transforms-1\\files-1.1\\loader-28.0.0.aar\\c2c3099d6217e26cff9d299c61debd96\\jars\\classes.jar-8","index":178,"scopes":["EXTERNAL_LIBRARIES"],"types":["DEX_ARCHIVE"],"format":"JAR","present":true},{"name":"C:\\Users\\jakem\\.gradle\\caches\\transforms-1\\files-1.1\\loader-28.0.0.aar\\c2c3099d6217e26cff9d299c61debd96\\jars\\classes.jar-9","index":179,"scopes":["EXTERNAL_LIBRARIES"],"types":["DEX_ARCHIVE"],"format":"JAR","present":true},{"name":"C:\\Users\\jakem\\.gradle\\caches\\transforms-1\\files-1.1\\viewpager-28.0.0.aar\\ba06adc9451a55ead36b60a68b9a750d\\jars\\classes.jar-0","index":180,"scopes":["EXTERNAL_LIBRARIES"],"types":["DEX_ARCHIVE"],"format":"JAR","present":true},{"name":"C:\\Users\\jakem\\.gradle\\caches\\transforms-1\\files-1.1\\viewpager-28.0.0.aar\\ba06adc9451a55ead36b60a68b9a750d\\jars\\classes.jar-1","index":181,"scopes":["EXTERNAL_LIBRARIES"],"types":["DEX_ARCHIVE"],"format":"JAR","present":true},{"name":"C:\\Users\\jakem\\.gradle\\caches\\transforms-1\\files-1.1\\viewpager-28.0.0.aar\\ba06adc9451a55ead36b60a68b9a750d\\jars\\classes.jar-2","index":182,"scopes":["EXTERNAL_LIBRARIES"],"types":["DEX_ARCHIVE"],"format":"JAR","present":true},{"name":"C:\\Users\\jakem\\.gradle\\caches\\transforms-1\\files-1.1\\viewpager-28.0.0.aar\\ba06adc9451a55ead36b60a68b9a750d\\jars\\classes.jar-3","index":183,"scopes":["EXTERNAL_LIBRARIES"],"types":["DEX_ARCHIVE"],"format":"JAR","present":true},{"name":"C:\\Users\\jakem\\.gradle\\caches\\transforms-1\\files-1.1\\viewpager-28.0.0.aar\\ba06adc9451a55ead36b60a68b9a750d\\jars\\classes.jar-5","index":185,"scopes":["EXTERNAL_LIBRARIES"],"types":["DEX_ARCHIVE"],"format":"JAR","present":true},{"name":"C:\\Users\\jakem\\.gradle\\caches\\transforms-1\\files-1.1\\viewpager-28.0.0.aar\\ba06adc9451a55ead36b60a68b9a750d\\jars\\classes.jar-6","index":186,"scopes":["EXTERNAL_LIBRARIES"],"types":["DEX_ARCHIVE"],"format":"JAR","present":true},{"name":"C:\\Users\\jakem\\.gradle\\caches\\transforms-1\\files-1.1\\viewpager-28.0.0.aar\\ba06adc9451a55ead36b60a68b9a750d\\jars\\classes.jar-7","index":187,"scopes":["EXTERNAL_LIBRARIES"],"types":["DEX_ARCHIVE"],"format":"JAR","present":true},{"name":"C:\\Users\\jakem\\.gradle\\caches\\transforms-1\\files-1.1\\viewpager-28.0.0.aar\\ba06adc9451a55ead36b60a68b9a750d\\jars\\classes.jar-8","index":188,"scopes":["EXTERNAL_LIBRARIES"],"types":["DEX_ARCHIVE"],"format":"JAR","present":true},{"name":"C:\\Users\\jakem\\.gradle\\caches\\transforms-1\\files-1.1\\viewpager-28.0.0.aar\\ba06adc9451a55ead36b60a68b9a750d\\jars\\classes.jar-9","index":189,"scopes":["EXTERNAL_LIBRARIES"],"types":["DEX_ARCHIVE"],"format":"JAR","present":true},{"name":"C:\\Users\\jakem\\.gradle\\caches\\transforms-1\\files-1.1\\coordinatorlayout-28.0.0.aar\\f38f0fe109aac02fc8377f035c4a4df1\\jars\\classes.jar-0","index":190,"scopes":["EXTERNAL_LIBRARIES"],"types":["DEX_ARCHIVE"],"format":"JAR","present":true},{"name":"C:\\Users\\jakem\\.gradle\\caches\\transforms-1\\files-1.1\\coordinatorlayout-28.0.0.aar\\f38f0fe109aac02fc8377f035c4a4df1\\jars\\classes.jar-2","index":192,"scopes":["EXTERNAL_LIBRARIES"],"types":["DEX_ARCHIVE"],"format":"JAR","present":true},{"name":"C:\\Users\\jakem\\.gradle\\caches\\transforms-1\\files-1.1\\coordinatorlayout-28.0.0.aar\\f38f0fe109aac02fc8377f035c4a4df1\\jars\\classes.jar-3","index":193,"scopes":["EXTERNAL_LIBRARIES"],"types":["DEX_ARCHIVE"],"format":"JAR","present":true},{"name":"C:\\Users\\jakem\\.gradle\\caches\\transforms-1\\files-1.1\\coordinatorlayout-28.0.0.aar\\f38f0fe109aac02fc8377f035c4a4df1\\jars\\classes.jar-4","index":194,"scopes":["EXTERNAL_LIBRARIES"],"types":["DEX_ARCHIVE"],"format":"JAR","present":true},{"name":"C:\\Users\\jakem\\.gradle\\caches\\transforms-1\\files-1.1\\coordinatorlayout-28.0.0.aar\\f38f0fe109aac02fc8377f035c4a4df1\\jars\\classes.jar-6","index":196,"scopes":["EXTERNAL_LIBRARIES"],"types":["DEX_ARCHIVE"],"format":"JAR","present":true},{"name":"C:\\Users\\jakem\\.gradle\\caches\\transforms-1\\files-1.1\\coordinatorlayout-28.0.0.aar\\f38f0fe109aac02fc8377f035c4a4df1\\jars\\classes.jar-7","index":197,"scopes":["EXTERNAL_LIBRARIES"],"types":["DEX_ARCHIVE"],"format":"JAR","present":true},{"name":"C:\\Users\\jakem\\.gradle\\caches\\transforms-1\\files-1.1\\coordinatorlayout-28.0.0.aar\\f38f0fe109aac02fc8377f035c4a4df1\\jars\\classes.jar-8","index":198,"scopes":["EXTERNAL_LIBRARIES"],"types":["DEX_ARCHIVE"],"format":"JAR","present":true},{"name":"C:\\Users\\jakem\\.gradle\\caches\\transforms-1\\files-1.1\\coordinatorlayout-28.0.0.aar\\f38f0fe109aac02fc8377f035c4a4df1\\jars\\classes.jar-9","index":199,"scopes":["EXTERNAL_LIBRARIES"],"types":["DEX_ARCHIVE"],"format":"JAR","present":true},{"name":"C:\\Users\\jakem\\.gradle\\caches\\transforms-1\\files-1.1\\drawerlayout-28.0.0.aar\\ed9b0e3fe358b4f3554f886232380190\\jars\\classes.jar-0","index":200,"scopes":["EXTERNAL_LIBRARIES"],"types":["DEX_ARCHIVE"],"format":"JAR","present":true},{"name":"C:\\Users\\jakem\\.gradle\\caches\\transforms-1\\files-1.1\\drawerlayout-28.0.0.aar\\ed9b0e3fe358b4f3554f886232380190\\jars\\classes.jar-2","index":202,"scopes":["EXTERNAL_LIBRARIES"],"types":["DEX_ARCHIVE"],"format":"JAR","present":true},{"name":"C:\\Users\\jakem\\.gradle\\caches\\transforms-1\\files-1.1\\drawerlayout-28.0.0.aar\\ed9b0e3fe358b4f3554f886232380190\\jars\\classes.jar-4","index":204,"scopes":["EXTERNAL_LIBRARIES"],"types":["DEX_ARCHIVE"],"format":"JAR","present":true},{"name":"C:\\Users\\jakem\\.gradle\\caches\\transforms-1\\files-1.1\\drawerlayout-28.0.0.aar\\ed9b0e3fe358b4f3554f886232380190\\jars\\classes.jar-5","index":205,"scopes":["EXTERNAL_LIBRARIES"],"types":["DEX_ARCHIVE"],"format":"JAR","present":true},{"name":"C:\\Users\\jakem\\.gradle\\caches\\transforms-1\\files-1.1\\drawerlayout-28.0.0.aar\\ed9b0e3fe358b4f3554f886232380190\\jars\\classes.jar-6","index":206,"scopes":["EXTERNAL_LIBRARIES"],"types":["DEX_ARCHIVE"],"format":"JAR","present":true},{"name":"C:\\Users\\jakem\\.gradle\\caches\\transforms-1\\files-1.1\\drawerlayout-28.0.0.aar\\ed9b0e3fe358b4f3554f886232380190\\jars\\classes.jar-7","index":207,"scopes":["EXTERNAL_LIBRARIES"],"types":["DEX_ARCHIVE"],"format":"JAR","present":true},{"name":"C:\\Users\\jakem\\.gradle\\caches\\transforms-1\\files-1.1\\drawerlayout-28.0.0.aar\\ed9b0e3fe358b4f3554f886232380190\\jars\\classes.jar-8","index":208,"scopes":["EXTERNAL_LIBRARIES"],"types":["DEX_ARCHIVE"],"format":"JAR","present":true},{"name":"C:\\Users\\jakem\\.gradle\\caches\\transforms-1\\files-1.1\\slidingpanelayout-28.0.0.aar\\665ed3637667d389461be37dd7b4c56a\\jars\\classes.jar-0","index":210,"scopes":["EXTERNAL_LIBRARIES"],"types":["DEX_ARCHIVE"],"format":"JAR","present":true},{"name":"C:\\Users\\jakem\\.gradle\\caches\\transforms-1\\files-1.1\\slidingpanelayout-28.0.0.aar\\665ed3637667d389461be37dd7b4c56a\\jars\\classes.jar-3","index":213,"scopes":["EXTERNAL_LIBRARIES"],"types":["DEX_ARCHIVE"],"format":"JAR","present":true},{"name":"C:\\Users\\jakem\\.gradle\\caches\\transforms-1\\files-1.1\\slidingpanelayout-28.0.0.aar\\665ed3637667d389461be37dd7b4c56a\\jars\\classes.jar-5","index":215,"scopes":["EXTERNAL_LIBRARIES"],"types":["DEX_ARCHIVE"],"format":"JAR","present":true},{"name":"C:\\Users\\jakem\\.gradle\\caches\\transforms-1\\files-1.1\\slidingpanelayout-28.0.0.aar\\665ed3637667d389461be37dd7b4c56a\\jars\\classes.jar-6","index":216,"scopes":["EXTERNAL_LIBRARIES"],"types":["DEX_ARCHIVE"],"format":"JAR","present":true},{"name":"C:\\Users\\jakem\\.gradle\\caches\\transforms-1\\files-1.1\\slidingpanelayout-28.0.0.aar\\665ed3637667d389461be37dd7b4c56a\\jars\\classes.jar-7","index":217,"scopes":["EXTERNAL_LIBRARIES"],"types":["DEX_ARCHIVE"],"format":"JAR","present":true},{"name":"C:\\Users\\jakem\\.gradle\\caches\\transforms-1\\files-1.1\\slidingpanelayout-28.0.0.aar\\665ed3637667d389461be37dd7b4c56a\\jars\\classes.jar-8","index":218,"scopes":["EXTERNAL_LIBRARIES"],"types":["DEX_ARCHIVE"],"format":"JAR","present":true},{"name":"C:\\Users\\jakem\\.gradle\\caches\\transforms-1\\files-1.1\\slidingpanelayout-28.0.0.aar\\665ed3637667d389461be37dd7b4c56a\\jars\\classes.jar-9","index":219,"scopes":["EXTERNAL_LIBRARIES"],"types":["DEX_ARCHIVE"],"format":"JAR","present":true},{"name":"C:\\Users\\jakem\\.gradle\\caches\\transforms-1\\files-1.1\\customview-28.0.0.aar\\b0cacee51e24bd1eb58c21d514b2debf\\jars\\classes.jar-0","index":220,"scopes":["EXTERNAL_LIBRARIES"],"types":["DEX_ARCHIVE"],"format":"JAR","present":true},{"name":"C:\\Users\\jakem\\.gradle\\caches\\transforms-1\\files-1.1\\customview-28.0.0.aar\\b0cacee51e24bd1eb58c21d514b2debf\\jars\\classes.jar-1","index":221,"scopes":["EXTERNAL_LIBRARIES"],"types":["DEX_ARCHIVE"],"format":"JAR","present":true},{"name":"C:\\Users\\jakem\\.gradle\\caches\\transforms-1\\files-1.1\\customview-28.0.0.aar\\b0cacee51e24bd1eb58c21d514b2debf\\jars\\classes.jar-2","index":222,"scopes":["EXTERNAL_LIBRARIES"],"types":["DEX_ARCHIVE"],"format":"JAR","present":true},{"name":"C:\\Users\\jakem\\.gradle\\caches\\transforms-1\\files-1.1\\customview-28.0.0.aar\\b0cacee51e24bd1eb58c21d514b2debf\\jars\\classes.jar-3","index":223,"scopes":["EXTERNAL_LIBRARIES"],"types":["DEX_ARCHIVE"],"format":"JAR","present":true},{"name":"C:\\Users\\jakem\\.gradle\\caches\\transforms-1\\files-1.1\\customview-28.0.0.aar\\b0cacee51e24bd1eb58c21d514b2debf\\jars\\classes.jar-4","index":224,"scopes":["EXTERNAL_LIBRARIES"],"types":["DEX_ARCHIVE"],"format":"JAR","present":true},{"name":"C:\\Users\\jakem\\.gradle\\caches\\transforms-1\\files-1.1\\customview-28.0.0.aar\\b0cacee51e24bd1eb58c21d514b2debf\\jars\\classes.jar-6","index":226,"scopes":["EXTERNAL_LIBRARIES"],"types":["DEX_ARCHIVE"],"format":"JAR","present":true},{"name":"C:\\Users\\jakem\\.gradle\\caches\\transforms-1\\files-1.1\\customview-28.0.0.aar\\b0cacee51e24bd1eb58c21d514b2debf\\jars\\classes.jar-7","index":227,"scopes":["EXTERNAL_LIBRARIES"],"types":["DEX_ARCHIVE"],"format":"JAR","present":true},{"name":"C:\\Users\\jakem\\.gradle\\caches\\transforms-1\\files-1.1\\customview-28.0.0.aar\\b0cacee51e24bd1eb58c21d514b2debf\\jars\\classes.jar-8","index":228,"scopes":["EXTERNAL_LIBRARIES"],"types":["DEX_ARCHIVE"],"format":"JAR","present":true},{"name":"C:\\Users\\jakem\\.gradle\\caches\\transforms-1\\files-1.1\\customview-28.0.0.aar\\b0cacee51e24bd1eb58c21d514b2debf\\jars\\classes.jar-9","index":229,"scopes":["EXTERNAL_LIBRARIES"],"types":["DEX_ARCHIVE"],"format":"JAR","present":true},{"name":"C:\\Users\\jakem\\.gradle\\caches\\transforms-1\\files-1.1\\swiperefreshlayout-28.0.0.aar\\4efa59892fffb682d882bb7df4e31dd3\\jars\\classes.jar-0","index":230,"scopes":["EXTERNAL_LIBRARIES"],"types":["DEX_ARCHIVE"],"format":"JAR","present":true},{"name":"C:\\Users\\jakem\\.gradle\\caches\\transforms-1\\files-1.1\\swiperefreshlayout-28.0.0.aar\\4efa59892fffb682d882bb7df4e31dd3\\jars\\classes.jar-1","index":231,"scopes":["EXTERNAL_LIBRARIES"],"types":["DEX_ARCHIVE"],"format":"JAR","present":true},{"name":"C:\\Users\\jakem\\.gradle\\caches\\transforms-1\\files-1.1\\swiperefreshlayout-28.0.0.aar\\4efa59892fffb682d882bb7df4e31dd3\\jars\\classes.jar-2","index":232,"scopes":["EXTERNAL_LIBRARIES"],"types":["DEX_ARCHIVE"],"format":"JAR","present":true},{"name":"C:\\Users\\jakem\\.gradle\\caches\\transforms-1\\files-1.1\\swiperefreshlayout-28.0.0.aar\\4efa59892fffb682d882bb7df4e31dd3\\jars\\classes.jar-3","index":233,"scopes":["EXTERNAL_LIBRARIES"],"types":["DEX_ARCHIVE"],"format":"JAR","present":true},{"name":"C:\\Users\\jakem\\.gradle\\caches\\transforms-1\\files-1.1\\swiperefreshlayout-28.0.0.aar\\4efa59892fffb682d882bb7df4e31dd3\\jars\\classes.jar-4","index":234,"scopes":["EXTERNAL_LIBRARIES"],"types":["DEX_ARCHIVE"],"format":"JAR","present":true},{"name":"C:\\Users\\jakem\\.gradle\\caches\\transforms-1\\files-1.1\\swiperefreshlayout-28.0.0.aar\\4efa59892fffb682d882bb7df4e31dd3\\jars\\classes.jar-5","index":235,"scopes":["EXTERNAL_LIBRARIES"],"types":["DEX_ARCHIVE"],"format":"JAR","present":true},{"name":"C:\\Users\\jakem\\.gradle\\caches\\transforms-1\\files-1.1\\swiperefreshlayout-28.0.0.aar\\4efa59892fffb682d882bb7df4e31dd3\\jars\\classes.jar-6","index":236,"scopes":["EXTERNAL_LIBRARIES"],"types":["DEX_ARCHIVE"],"format":"JAR","present":true},{"name":"C:\\Users\\jakem\\.gradle\\caches\\transforms-1\\files-1.1\\swiperefreshlayout-28.0.0.aar\\4efa59892fffb682d882bb7df4e31dd3\\jars\\classes.jar-8","index":238,"scopes":["EXTERNAL_LIBRARIES"],"types":["DEX_ARCHIVE"],"format":"JAR","present":true},{"name":"C:\\Users\\jakem\\.gradle\\caches\\transforms-1\\files-1.1\\swiperefreshlayout-28.0.0.aar\\4efa59892fffb682d882bb7df4e31dd3\\jars\\classes.jar-9","index":239,"scopes":["EXTERNAL_LIBRARIES"],"types":["DEX_ARCHIVE"],"format":"JAR","present":true},{"name":"C:\\Users\\jakem\\.gradle\\caches\\transforms-1\\files-1.1\\asynclayoutinflater-28.0.0.aar\\6af6958835f8fcdae809997267e9e347\\jars\\classes.jar-1","index":241,"scopes":["EXTERNAL_LIBRARIES"],"types":["DEX_ARCHIVE"],"format":"JAR","present":true},{"name":"C:\\Users\\jakem\\.gradle\\caches\\transforms-1\\files-1.1\\asynclayoutinflater-28.0.0.aar\\6af6958835f8fcdae809997267e9e347\\jars\\classes.jar-3","index":243,"scopes":["EXTERNAL_LIBRARIES"],"types":["DEX_ARCHIVE"],"format":"JAR","present":true},{"name":"C:\\Users\\jakem\\.gradle\\caches\\transforms-1\\files-1.1\\asynclayoutinflater-28.0.0.aar\\6af6958835f8fcdae809997267e9e347\\jars\\classes.jar-4","index":244,"scopes":["EXTERNAL_LIBRARIES"],"types":["DEX_ARCHIVE"],"format":"JAR","present":true},{"name":"C:\\Users\\jakem\\.gradle\\caches\\transforms-1\\files-1.1\\asynclayoutinflater-28.0.0.aar\\6af6958835f8fcdae809997267e9e347\\jars\\classes.jar-5","index":245,"scopes":["EXTERNAL_LIBRARIES"],"types":["DEX_ARCHIVE"],"format":"JAR","present":true},{"name":"C:\\Users\\jakem\\.gradle\\caches\\transforms-1\\files-1.1\\asynclayoutinflater-28.0.0.aar\\6af6958835f8fcdae809997267e9e347\\jars\\classes.jar-6","index":246,"scopes":["EXTERNAL_LIBRARIES"],"types":["DEX_ARCHIVE"],"format":"JAR","present":true},{"name":"C:\\Users\\jakem\\.gradle\\caches\\transforms-1\\files-1.1\\asynclayoutinflater-28.0.0.aar\\6af6958835f8fcdae809997267e9e347\\jars\\classes.jar-8","index":248,"scopes":["EXTERNAL_LIBRARIES"],"types":["DEX_ARCHIVE"],"format":"JAR","present":true},{"name":"C:\\Users\\jakem\\.gradle\\caches\\transforms-1\\files-1.1\\support-media-compat-26.1.0.aar\\90378af979ba5229c2f104795de12fd6\\jars\\classes.jar-0","index":250,"scopes":["EXTERNAL_LIBRARIES"],"types":["DEX_ARCHIVE"],"format":"JAR","present":true},{"name":"C:\\Users\\jakem\\.gradle\\caches\\transforms-1\\files-1.1\\support-media-compat-26.1.0.aar\\90378af979ba5229c2f104795de12fd6\\jars\\classes.jar-1","index":251,"scopes":["EXTERNAL_LIBRARIES"],"types":["DEX_ARCHIVE"],"format":"JAR","present":true},{"name":"C:\\Users\\jakem\\.gradle\\caches\\transforms-1\\files-1.1\\support-media-compat-26.1.0.aar\\90378af979ba5229c2f104795de12fd6\\jars\\classes.jar-2","index":252,"scopes":["EXTERNAL_LIBRARIES"],"types":["DEX_ARCHIVE"],"format":"JAR","present":true},{"name":"C:\\Users\\jakem\\.gradle\\caches\\transforms-1\\files-1.1\\support-media-compat-26.1.0.aar\\90378af979ba5229c2f104795de12fd6\\jars\\classes.jar-3","index":253,"scopes":["EXTERNAL_LIBRARIES"],"types":["DEX_ARCHIVE"],"format":"JAR","present":true},{"name":"C:\\Users\\jakem\\.gradle\\caches\\transforms-1\\files-1.1\\support-media-compat-26.1.0.aar\\90378af979ba5229c2f104795de12fd6\\jars\\classes.jar-4","index":254,"scopes":["EXTERNAL_LIBRARIES"],"types":["DEX_ARCHIVE"],"format":"JAR","present":true},{"name":"C:\\Users\\jakem\\.gradle\\caches\\transforms-1\\files-1.1\\support-media-compat-26.1.0.aar\\90378af979ba5229c2f104795de12fd6\\jars\\classes.jar-5","index":255,"scopes":["EXTERNAL_LIBRARIES"],"types":["DEX_ARCHIVE"],"format":"JAR","present":true},{"name":"C:\\Users\\jakem\\.gradle\\caches\\transforms-1\\files-1.1\\support-media-compat-26.1.0.aar\\90378af979ba5229c2f104795de12fd6\\jars\\classes.jar-6","index":256,"scopes":["EXTERNAL_LIBRARIES"],"types":["DEX_ARCHIVE"],"format":"JAR","present":true},{"name":"C:\\Users\\jakem\\.gradle\\caches\\transforms-1\\files-1.1\\support-media-compat-26.1.0.aar\\90378af979ba5229c2f104795de12fd6\\jars\\classes.jar-7","index":257,"scopes":["EXTERNAL_LIBRARIES"],"types":["DEX_ARCHIVE"],"format":"JAR","present":true},{"name":"C:\\Users\\jakem\\.gradle\\caches\\transforms-1\\files-1.1\\support-media-compat-26.1.0.aar\\90378af979ba5229c2f104795de12fd6\\jars\\classes.jar-8","index":258,"scopes":["EXTERNAL_LIBRARIES"],"types":["DEX_ARCHIVE"],"format":"JAR","present":true},{"name":"C:\\Users\\jakem\\.gradle\\caches\\transforms-1\\files-1.1\\support-media-compat-26.1.0.aar\\90378af979ba5229c2f104795de12fd6\\jars\\classes.jar-9","index":259,"scopes":["EXTERNAL_LIBRARIES"],"types":["DEX_ARCHIVE"],"format":"JAR","present":true},{"name":"C:\\Users\\jakem\\.gradle\\caches\\transforms-1\\files-1.1\\support-compat-28.0.0.aar\\0f8cbfc763fb8693934434fbafc8a96b\\jars\\classes.jar-0","index":260,"scopes":["EXTERNAL_LIBRARIES"],"types":["DEX_ARCHIVE"],"format":"JAR","present":true},{"name":"C:\\Users\\jakem\\.gradle\\caches\\transforms-1\\files-1.1\\support-compat-28.0.0.aar\\0f8cbfc763fb8693934434fbafc8a96b\\jars\\classes.jar-1","index":261,"scopes":["EXTERNAL_LIBRARIES"],"types":["DEX_ARCHIVE"],"format":"JAR","present":true},{"name":"C:\\Users\\jakem\\.gradle\\caches\\transforms-1\\files-1.1\\support-compat-28.0.0.aar\\0f8cbfc763fb8693934434fbafc8a96b\\jars\\classes.jar-2","index":262,"scopes":["EXTERNAL_LIBRARIES"],"types":["DEX_ARCHIVE"],"format":"JAR","present":true},{"name":"C:\\Users\\jakem\\.gradle\\caches\\transforms-1\\files-1.1\\support-compat-28.0.0.aar\\0f8cbfc763fb8693934434fbafc8a96b\\jars\\classes.jar-3","index":263,"scopes":["EXTERNAL_LIBRARIES"],"types":["DEX_ARCHIVE"],"format":"JAR","present":true},{"name":"C:\\Users\\jakem\\.gradle\\caches\\transforms-1\\files-1.1\\support-compat-28.0.0.aar\\0f8cbfc763fb8693934434fbafc8a96b\\jars\\classes.jar-4","index":264,"scopes":["EXTERNAL_LIBRARIES"],"types":["DEX_ARCHIVE"],"format":"JAR","present":true},{"name":"C:\\Users\\jakem\\.gradle\\caches\\transforms-1\\files-1.1\\support-compat-28.0.0.aar\\0f8cbfc763fb8693934434fbafc8a96b\\jars\\classes.jar-5","index":265,"scopes":["EXTERNAL_LIBRARIES"],"types":["DEX_ARCHIVE"],"format":"JAR","present":true},{"name":"C:\\Users\\jakem\\.gradle\\caches\\transforms-1\\files-1.1\\support-compat-28.0.0.aar\\0f8cbfc763fb8693934434fbafc8a96b\\jars\\classes.jar-6","index":266,"scopes":["EXTERNAL_LIBRARIES"],"types":["DEX_ARCHIVE"],"format":"JAR","present":true},{"name":"C:\\Users\\jakem\\.gradle\\caches\\transforms-1\\files-1.1\\support-compat-28.0.0.aar\\0f8cbfc763fb8693934434fbafc8a96b\\jars\\classes.jar-7","index":267,"scopes":["EXTERNAL_LIBRARIES"],"types":["DEX_ARCHIVE"],"format":"JAR","present":true},{"name":"C:\\Users\\jakem\\.gradle\\caches\\transforms-1\\files-1.1\\support-compat-28.0.0.aar\\0f8cbfc763fb8693934434fbafc8a96b\\jars\\classes.jar-8","index":268,"scopes":["EXTERNAL_LIBRARIES"],"types":["DEX_ARCHIVE"],"format":"JAR","present":true},{"name":"C:\\Users\\jakem\\.gradle\\caches\\transforms-1\\files-1.1\\support-compat-28.0.0.aar\\0f8cbfc763fb8693934434fbafc8a96b\\jars\\classes.jar-9","index":269,"scopes":["EXTERNAL_LIBRARIES"],"types":["DEX_ARCHIVE"],"format":"JAR","present":true},{"name":"C:\\Users\\jakem\\.gradle\\caches\\transforms-1\\files-1.1\\versionedparcelable-28.0.0.aar\\6141b2ccd71f854237a2f52555e80b98\\jars\\classes.jar-0","index":270,"scopes":["EXTERNAL_LIBRARIES"],"types":["DEX_ARCHIVE"],"format":"JAR","present":true},{"name":"C:\\Users\\jakem\\.gradle\\caches\\transforms-1\\files-1.1\\versionedparcelable-28.0.0.aar\\6141b2ccd71f854237a2f52555e80b98\\jars\\classes.jar-1","index":271,"scopes":["EXTERNAL_LIBRARIES"],"types":["DEX_ARCHIVE"],"format":"JAR","present":true},{"name":"C:\\Users\\jakem\\.gradle\\caches\\transforms-1\\files-1.1\\versionedparcelable-28.0.0.aar\\6141b2ccd71f854237a2f52555e80b98\\jars\\classes.jar-2","index":272,"scopes":["EXTERNAL_LIBRARIES"],"types":["DEX_ARCHIVE"],"format":"JAR","present":true},{"name":"C:\\Users\\jakem\\.gradle\\caches\\transforms-1\\files-1.1\\versionedparcelable-28.0.0.aar\\6141b2ccd71f854237a2f52555e80b98\\jars\\classes.jar-3","index":273,"scopes":["EXTERNAL_LIBRARIES"],"types":["DEX_ARCHIVE"],"format":"JAR","present":true},{"name":"C:\\Users\\jakem\\.gradle\\caches\\transforms-1\\files-1.1\\versionedparcelable-28.0.0.aar\\6141b2ccd71f854237a2f52555e80b98\\jars\\classes.jar-4","index":274,"scopes":["EXTERNAL_LIBRARIES"],"types":["DEX_ARCHIVE"],"format":"JAR","present":true},{"name":"C:\\Users\\jakem\\.gradle\\caches\\transforms-1\\files-1.1\\versionedparcelable-28.0.0.aar\\6141b2ccd71f854237a2f52555e80b98\\jars\\classes.jar-5","index":275,"scopes":["EXTERNAL_LIBRARIES"],"types":["DEX_ARCHIVE"],"format":"JAR","present":true},{"name":"C:\\Users\\jakem\\.gradle\\caches\\transforms-1\\files-1.1\\versionedparcelable-28.0.0.aar\\6141b2ccd71f854237a2f52555e80b98\\jars\\classes.jar-7","index":277,"scopes":["EXTERNAL_LIBRARIES"],"types":["DEX_ARCHIVE"],"format":"JAR","present":true},{"name":"C:\\Users\\jakem\\.gradle\\caches\\transforms-1\\files-1.1\\versionedparcelable-28.0.0.aar\\6141b2ccd71f854237a2f52555e80b98\\jars\\classes.jar-8","index":278,"scopes":["EXTERNAL_LIBRARIES"],"types":["DEX_ARCHIVE"],"format":"JAR","present":true},{"name":"C:\\Users\\jakem\\.gradle\\caches\\transforms-1\\files-1.1\\versionedparcelable-28.0.0.aar\\6141b2ccd71f854237a2f52555e80b98\\jars\\classes.jar-9","index":279,"scopes":["EXTERNAL_LIBRARIES"],"types":["DEX_ARCHIVE"],"format":"JAR","present":true},{"name":"C:\\Users\\jakem\\.gradle\\caches\\modules-2\\files-2.1\\com.android.support\\collections\\28.0.0\\c1bcdade4d3cc2836130424a3f3e4182c666a745\\collections-28.0.0.jar","index":280,"scopes":["EXTERNAL_LIBRARIES"],"types":["DEX_ARCHIVE"],"format":"JAR","present":true},{"name":"C:\\Users\\jakem\\.gradle\\caches\\transforms-1\\files-1.1\\cursoradapter-28.0.0.aar\\ecedd1bcbdc2301f6e594097dc7d5c3c\\jars\\classes.jar-0","index":281,"scopes":["EXTERNAL_LIBRARIES"],"types":["DEX_ARCHIVE"],"format":"JAR","present":true},{"name":"C:\\Users\\jakem\\.gradle\\caches\\transforms-1\\files-1.1\\cursoradapter-28.0.0.aar\\ecedd1bcbdc2301f6e594097dc7d5c3c\\jars\\classes.jar-1","index":282,"scopes":["EXTERNAL_LIBRARIES"],"types":["DEX_ARCHIVE"],"format":"JAR","present":true},{"name":"C:\\Users\\jakem\\.gradle\\caches\\transforms-1\\files-1.1\\cursoradapter-28.0.0.aar\\ecedd1bcbdc2301f6e594097dc7d5c3c\\jars\\classes.jar-3","index":284,"scopes":["EXTERNAL_LIBRARIES"],"types":["DEX_ARCHIVE"],"format":"JAR","present":true},{"name":"C:\\Users\\jakem\\.gradle\\caches\\transforms-1\\files-1.1\\cursoradapter-28.0.0.aar\\ecedd1bcbdc2301f6e594097dc7d5c3c\\jars\\classes.jar-7","index":288,"scopes":["EXTERNAL_LIBRARIES"],"types":["DEX_ARCHIVE"],"format":"JAR","present":true},{"name":"C:\\Users\\jakem\\.gradle\\caches\\transforms-1\\files-1.1\\cursoradapter-28.0.0.aar\\ecedd1bcbdc2301f6e594097dc7d5c3c\\jars\\classes.jar-8","index":289,"scopes":["EXTERNAL_LIBRARIES"],"types":["DEX_ARCHIVE"],"format":"JAR","present":true},{"name":"C:\\Users\\jakem\\.gradle\\caches\\transforms-1\\files-1.1\\cursoradapter-28.0.0.aar\\ecedd1bcbdc2301f6e594097dc7d5c3c\\jars\\classes.jar-9","index":290,"scopes":["EXTERNAL_LIBRARIES"],"types":["DEX_ARCHIVE"],"format":"JAR","present":true},{"name":"C:\\Users\\jakem\\.gradle\\caches\\transforms-1\\files-1.1\\runtime-1.1.1.aar\\8a9f3527b3cb0910ccbc5d5531af8807\\jars\\classes.jar-0","index":291,"scopes":["EXTERNAL_LIBRARIES"],"types":["DEX_ARCHIVE"],"format":"JAR","present":true},{"name":"C:\\Users\\jakem\\.gradle\\caches\\transforms-1\\files-1.1\\runtime-1.1.1.aar\\8a9f3527b3cb0910ccbc5d5531af8807\\jars\\classes.jar-2","index":293,"scopes":["EXTERNAL_LIBRARIES"],"types":["DEX_ARCHIVE"],"format":"JAR","present":true},{"name":"C:\\Users\\jakem\\.gradle\\caches\\transforms-1\\files-1.1\\runtime-1.1.1.aar\\8a9f3527b3cb0910ccbc5d5531af8807\\jars\\classes.jar-3","index":294,"scopes":["EXTERNAL_LIBRARIES"],"types":["DEX_ARCHIVE"],"format":"JAR","present":true},{"name":"C:\\Users\\jakem\\.gradle\\caches\\transforms-1\\files-1.1\\runtime-1.1.1.aar\\8a9f3527b3cb0910ccbc5d5531af8807\\jars\\classes.jar-6","index":297,"scopes":["EXTERNAL_LIBRARIES"],"types":["DEX_ARCHIVE"],"format":"JAR","present":true},{"name":"C:\\Users\\jakem\\.gradle\\caches\\transforms-1\\files-1.1\\runtime-1.1.1.aar\\8a9f3527b3cb0910ccbc5d5531af8807\\jars\\classes.jar-9","index":300,"scopes":["EXTERNAL_LIBRARIES"],"types":["DEX_ARCHIVE"],"format":"JAR","present":true},{"name":"C:\\Users\\jakem\\.gradle\\caches\\transforms-1\\files-1.1\\documentfile-28.0.0.aar\\68ad6d4edc50800a9d750c40d4cbbe29\\jars\\classes.jar-0","index":301,"scopes":["EXTERNAL_LIBRARIES"],"types":["DEX_ARCHIVE"],"format":"JAR","present":true},{"name":"C:\\Users\\jakem\\.gradle\\caches\\transforms-1\\files-1.1\\documentfile-28.0.0.aar\\68ad6d4edc50800a9d750c40d4cbbe29\\jars\\classes.jar-6","index":307,"scopes":["EXTERNAL_LIBRARIES"],"types":["DEX_ARCHIVE"],"format":"JAR","present":true},{"name":"C:\\Users\\jakem\\.gradle\\caches\\transforms-1\\files-1.1\\documentfile-28.0.0.aar\\68ad6d4edc50800a9d750c40d4cbbe29\\jars\\classes.jar-7","index":308,"scopes":["EXTERNAL_LIBRARIES"],"types":["DEX_ARCHIVE"],"format":"JAR","present":true},{"name":"C:\\Users\\jakem\\.gradle\\caches\\transforms-1\\files-1.1\\localbroadcastmanager-28.0.0.aar\\9d50ef87a49a452e5dd86db046d581f9\\jars\\classes.jar-6","index":317,"scopes":["EXTERNAL_LIBRARIES"],"types":["DEX_ARCHIVE"],"format":"JAR","present":true},{"name":"C:\\Users\\jakem\\.gradle\\caches\\transforms-1\\files-1.1\\localbroadcastmanager-28.0.0.aar\\9d50ef87a49a452e5dd86db046d581f9\\jars\\classes.jar-8","index":319,"scopes":["EXTERNAL_LIBRARIES"],"types":["DEX_ARCHIVE"],"format":"JAR","present":true},{"name":"C:\\Users\\jakem\\.gradle\\caches\\transforms-1\\files-1.1\\localbroadcastmanager-28.0.0.aar\\9d50ef87a49a452e5dd86db046d581f9\\jars\\classes.jar-9","index":320,"scopes":["EXTERNAL_LIBRARIES"],"types":["DEX_ARCHIVE"],"format":"JAR","present":true},{"name":"C:\\Users\\jakem\\.gradle\\caches\\transforms-1\\files-1.1\\print-28.0.0.aar\\4237c48a02a17661c1a8b0fa7d588947\\jars\\classes.jar-0","index":321,"scopes":["EXTERNAL_LIBRARIES"],"types":["DEX_ARCHIVE"],"format":"JAR","present":true},{"name":"C:\\Users\\jakem\\.gradle\\caches\\transforms-1\\files-1.1\\print-28.0.0.aar\\4237c48a02a17661c1a8b0fa7d588947\\jars\\classes.jar-2","index":323,"scopes":["EXTERNAL_LIBRARIES"],"types":["DEX_ARCHIVE"],"format":"JAR","present":true},{"name":"C:\\Users\\jakem\\.gradle\\caches\\transforms-1\\files-1.1\\print-28.0.0.aar\\4237c48a02a17661c1a8b0fa7d588947\\jars\\classes.jar-3","index":324,"scopes":["EXTERNAL_LIBRARIES"],"types":["DEX_ARCHIVE"],"format":"JAR","present":true},{"name":"C:\\Users\\jakem\\.gradle\\caches\\transforms-1\\files-1.1\\print-28.0.0.aar\\4237c48a02a17661c1a8b0fa7d588947\\jars\\classes.jar-4","index":325,"scopes":["EXTERNAL_LIBRARIES"],"types":["DEX_ARCHIVE"],"format":"JAR","present":true},{"name":"C:\\Users\\jakem\\.gradle\\caches\\transforms-1\\files-1.1\\print-28.0.0.aar\\4237c48a02a17661c1a8b0fa7d588947\\jars\\classes.jar-7","index":328,"scopes":["EXTERNAL_LIBRARIES"],"types":["DEX_ARCHIVE"],"format":"JAR","present":true},{"name":"C:\\Users\\jakem\\.gradle\\caches\\transforms-1\\files-1.1\\print-28.0.0.aar\\4237c48a02a17661c1a8b0fa7d588947\\jars\\classes.jar-8","index":329,"scopes":["EXTERNAL_LIBRARIES"],"types":["DEX_ARCHIVE"],"format":"JAR","present":true},{"name":"C:\\Users\\jakem\\.gradle\\caches\\transforms-1\\files-1.1\\print-28.0.0.aar\\4237c48a02a17661c1a8b0fa7d588947\\jars\\classes.jar-9","index":330,"scopes":["EXTERNAL_LIBRARIES"],"types":["DEX_ARCHIVE"],"format":"JAR","present":true},{"name":"C:\\Users\\jakem\\.gradle\\caches\\transforms-1\\files-1.1\\viewmodel-1.1.1.aar\\ee59b32f7abba8f7741bca0ea4d96789\\jars\\classes.jar-1","index":332,"scopes":["EXTERNAL_LIBRARIES"],"types":["DEX_ARCHIVE"],"format":"JAR","present":true},{"name":"C:\\Users\\jakem\\.gradle\\caches\\transforms-1\\files-1.1\\viewmodel-1.1.1.aar\\ee59b32f7abba8f7741bca0ea4d96789\\jars\\classes.jar-4","index":335,"scopes":["EXTERNAL_LIBRARIES"],"types":["DEX_ARCHIVE"],"format":"JAR","present":true},{"name":"C:\\Users\\jakem\\.gradle\\caches\\transforms-1\\files-1.1\\viewmodel-1.1.1.aar\\ee59b32f7abba8f7741bca0ea4d96789\\jars\\classes.jar-5","index":336,"scopes":["EXTERNAL_LIBRARIES"],"types":["DEX_ARCHIVE"],"format":"JAR","present":true},{"name":"C:\\Users\\jakem\\.gradle\\caches\\transforms-1\\files-1.1\\viewmodel-1.1.1.aar\\ee59b32f7abba8f7741bca0ea4d96789\\jars\\classes.jar-8","index":339,"scopes":["EXTERNAL_LIBRARIES"],"types":["DEX_ARCHIVE"],"format":"JAR","present":true},{"name":"C:\\Users\\jakem\\.gradle\\caches\\transforms-1\\files-1.1\\viewmodel-1.1.1.aar\\ee59b32f7abba8f7741bca0ea4d96789\\jars\\classes.jar-9","index":340,"scopes":["EXTERNAL_LIBRARIES"],"types":["DEX_ARCHIVE"],"format":"JAR","present":true},{"name":"C:\\Users\\jakem\\.gradle\\caches\\transforms-1\\files-1.1\\livedata-1.1.1.aar\\d28a2f10cbd60bb58a633c01560b6254\\jars\\classes.jar-0","index":341,"scopes":["EXTERNAL_LIBRARIES"],"types":["DEX_ARCHIVE"],"format":"JAR","present":true},{"name":"C:\\Users\\jakem\\.gradle\\caches\\transforms-1\\files-1.1\\livedata-1.1.1.aar\\d28a2f10cbd60bb58a633c01560b6254\\jars\\classes.jar-1","index":342,"scopes":["EXTERNAL_LIBRARIES"],"types":["DEX_ARCHIVE"],"format":"JAR","present":true},{"name":"C:\\Users\\jakem\\.gradle\\caches\\transforms-1\\files-1.1\\livedata-1.1.1.aar\\d28a2f10cbd60bb58a633c01560b6254\\jars\\classes.jar-4","index":345,"scopes":["EXTERNAL_LIBRARIES"],"types":["DEX_ARCHIVE"],"format":"JAR","present":true},{"name":"C:\\Users\\jakem\\.gradle\\caches\\transforms-1\\files-1.1\\livedata-1.1.1.aar\\d28a2f10cbd60bb58a633c01560b6254\\jars\\classes.jar-7","index":348,"scopes":["EXTERNAL_LIBRARIES"],"types":["DEX_ARCHIVE"],"format":"JAR","present":true},{"name":"C:\\Users\\jakem\\.gradle\\caches\\transforms-1\\files-1.1\\livedata-1.1.1.aar\\d28a2f10cbd60bb58a633c01560b6254\\jars\\classes.jar-8","index":349,"scopes":["EXTERNAL_LIBRARIES"],"types":["DEX_ARCHIVE"],"format":"JAR","present":true},{"name":"C:\\Users\\jakem\\.gradle\\caches\\transforms-1\\files-1.1\\livedata-1.1.1.aar\\d28a2f10cbd60bb58a633c01560b6254\\jars\\classes.jar-9","index":350,"scopes":["EXTERNAL_LIBRARIES"],"types":["DEX_ARCHIVE"],"format":"JAR","present":true},{"name":"C:\\Users\\jakem\\.gradle\\caches\\transforms-1\\files-1.1\\livedata-core-1.1.1.aar\\4154135d90b337b40cc12d8c3d888cd7\\jars\\classes.jar-0","index":351,"scopes":["EXTERNAL_LIBRARIES"],"types":["DEX_ARCHIVE"],"format":"JAR","present":true},{"name":"C:\\Users\\jakem\\.gradle\\caches\\transforms-1\\files-1.1\\livedata-core-1.1.1.aar\\4154135d90b337b40cc12d8c3d888cd7\\jars\\classes.jar-5","index":356,"scopes":["EXTERNAL_LIBRARIES"],"types":["DEX_ARCHIVE"],"format":"JAR","present":true},{"name":"C:\\Users\\jakem\\.gradle\\caches\\transforms-1\\files-1.1\\livedata-core-1.1.1.aar\\4154135d90b337b40cc12d8c3d888cd7\\jars\\classes.jar-8","index":359,"scopes":["EXTERNAL_LIBRARIES"],"types":["DEX_ARCHIVE"],"format":"JAR","present":true},{"name":"C:\\Users\\jakem\\.gradle\\caches\\transforms-1\\files-1.1\\livedata-core-1.1.1.aar\\4154135d90b337b40cc12d8c3d888cd7\\jars\\classes.jar-9","index":360,"scopes":["EXTERNAL_LIBRARIES"],"types":["DEX_ARCHIVE"],"format":"JAR","present":true},{"name":"C:\\Users\\jakem\\.gradle\\caches\\modules-2\\files-2.1\\android.arch.lifecycle\\common\\1.1.1\\207a6efae6a3555e326de41f76bdadd9a239cbce\\common-1.1.1.jar","index":361,"scopes":["EXTERNAL_LIBRARIES"],"types":["DEX_ARCHIVE"],"format":"JAR","present":true},{"name":"C:\\Users\\jakem\\.gradle\\caches\\transforms-1\\files-1.1\\runtime-1.1.1.aar\\9bb775bf3ca530f303af12ddcc074656\\jars\\classes.jar-1","index":363,"scopes":["EXTERNAL_LIBRARIES"],"types":["DEX_ARCHIVE"],"format":"JAR","present":true},{"name":"C:\\Users\\jakem\\.gradle\\caches\\transforms-1\\files-1.1\\runtime-1.1.1.aar\\9bb775bf3ca530f303af12ddcc074656\\jars\\classes.jar-2","index":364,"scopes":["EXTERNAL_LIBRARIES"],"types":["DEX_ARCHIVE"],"format":"JAR","present":true},{"name":"C:\\Users\\jakem\\.gradle\\caches\\transforms-1\\files-1.1\\runtime-1.1.1.aar\\9bb775bf3ca530f303af12ddcc074656\\jars\\classes.jar-3","index":365,"scopes":["EXTERNAL_LIBRARIES"],"types":["DEX_ARCHIVE"],"format":"JAR","present":true},{"name":"C:\\Users\\jakem\\.gradle\\caches\\transforms-1\\files-1.1\\runtime-1.1.1.aar\\9bb775bf3ca530f303af12ddcc074656\\jars\\classes.jar-4","index":366,"scopes":["EXTERNAL_LIBRARIES"],"types":["DEX_ARCHIVE"],"format":"JAR","present":true},{"name":"C:\\Users\\jakem\\.gradle\\caches\\transforms-1\\files-1.1\\runtime-1.1.1.aar\\9bb775bf3ca530f303af12ddcc074656\\jars\\classes.jar-7","index":369,"scopes":["EXTERNAL_LIBRARIES"],"types":["DEX_ARCHIVE"],"format":"JAR","present":true},{"name":"C:\\Users\\jakem\\.gradle\\caches\\modules-2\\files-2.1\\android.arch.core\\common\\1.1.1\\e55b70d1f5620db124b3e85a7f4bdc7bd48d9f95\\common-1.1.1.jar","index":372,"scopes":["EXTERNAL_LIBRARIES"],"types":["DEX_ARCHIVE"],"format":"JAR","present":true},{"name":"C:\\Users\\jakem\\.gradle\\caches\\transforms-1\\files-1.1\\interpolator-28.0.0.aar\\45b6b747315e6d253adb42a18fd20b9a\\jars\\classes.jar-8","index":381,"scopes":["EXTERNAL_LIBRARIES"],"types":["DEX_ARCHIVE"],"format":"JAR","present":true},{"name":"C:\\Users\\jakem\\.gradle\\caches\\transforms-1\\files-1.1\\interpolator-28.0.0.aar\\45b6b747315e6d253adb42a18fd20b9a\\jars\\classes.jar-9","index":382,"scopes":["EXTERNAL_LIBRARIES"],"types":["DEX_ARCHIVE"],"format":"JAR","present":true},{"name":"C:\\Users\\jakem\\.gradle\\caches\\modules-2\\files-2.1\\com.android.support\\support-annotations\\28.0.0\\ed73f5337a002d1fd24339d5fb08c2c9d9ca60d8\\support-annotations-28.0.0.jar","index":383,"scopes":["EXTERNAL_LIBRARIES"],"types":["DEX_ARCHIVE"],"format":"JAR","present":true},{"name":"C:\\Users\\jakem\\.gradle\\caches\\modules-2\\files-2.1\\com.android.support.constraint\\constraint-layout-solver\\1.1.3\\bde0667d7414c16ed62d3cfe993cff7f9d732373\\constraint-layout-solver-1.1.3.jar","index":384,"scopes":["EXTERNAL_LIBRARIES"],"types":["DEX_ARCHIVE"],"format":"JAR","present":true},{"name":"C:\\Users\\jakem\\.gradle\\caches\\transforms-1\\files-1.1\\firebase-database-collection-16.0.1.aar\\264341b35e1b16c0f0f7f65355ae8480\\jars\\classes.jar-0","index":385,"scopes":["EXTERNAL_LIBRARIES"],"types":["DEX_ARCHIVE"],"format":"JAR","present":true},{"name":"C:\\Users\\jakem\\.gradle\\caches\\transforms-1\\files-1.1\\firebase-database-collection-16.0.1.aar\\264341b35e1b16c0f0f7f65355ae8480\\jars\\classes.jar-2","index":387,"scopes":["EXTERNAL_LIBRARIES"],"types":["DEX_ARCHIVE"],"format":"JAR","present":true},{"name":"C:\\Users\\jakem\\.gradle\\caches\\transforms-1\\files-1.1\\firebase-database-collection-16.0.1.aar\\264341b35e1b16c0f0f7f65355ae8480\\jars\\classes.jar-3","index":388,"scopes":["EXTERNAL_LIBRARIES"],"types":["DEX_ARCHIVE"],"format":"JAR","present":true},{"name":"C:\\Users\\jakem\\.gradle\\caches\\transforms-1\\files-1.1\\firebase-database-collection-16.0.1.aar\\264341b35e1b16c0f0f7f65355ae8480\\jars\\classes.jar-4","index":389,"scopes":["EXTERNAL_LIBRARIES"],"types":["DEX_ARCHIVE"],"format":"JAR","present":true},{"name":"C:\\Users\\jakem\\.gradle\\caches\\transforms-1\\files-1.1\\firebase-database-collection-16.0.1.aar\\264341b35e1b16c0f0f7f65355ae8480\\jars\\classes.jar-5","index":390,"scopes":["EXTERNAL_LIBRARIES"],"types":["DEX_ARCHIVE"],"format":"JAR","present":true},{"name":"C:\\Users\\jakem\\.gradle\\caches\\transforms-1\\files-1.1\\firebase-database-collection-16.0.1.aar\\264341b35e1b16c0f0f7f65355ae8480\\jars\\classes.jar-6","index":391,"scopes":["EXTERNAL_LIBRARIES"],"types":["DEX_ARCHIVE"],"format":"JAR","present":true},{"name":"C:\\Users\\jakem\\.gradle\\caches\\transforms-1\\files-1.1\\firebase-database-collection-16.0.1.aar\\264341b35e1b16c0f0f7f65355ae8480\\jars\\classes.jar-7","index":392,"scopes":["EXTERNAL_LIBRARIES"],"types":["DEX_ARCHIVE"],"format":"JAR","present":true},{"name":"C:\\Users\\jakem\\.gradle\\caches\\transforms-1\\files-1.1\\firebase-database-collection-16.0.1.aar\\264341b35e1b16c0f0f7f65355ae8480\\jars\\classes.jar-8","index":393,"scopes":["EXTERNAL_LIBRARIES"],"types":["DEX_ARCHIVE"],"format":"JAR","present":true},{"name":"C:\\Users\\jakem\\.gradle\\caches\\transforms-1\\files-1.1\\firebase-database-collection-16.0.1.aar\\264341b35e1b16c0f0f7f65355ae8480\\jars\\classes.jar-9","index":394,"scopes":["EXTERNAL_LIBRARIES"],"types":["DEX_ARCHIVE"],"format":"JAR","present":true},{"name":"slice_0","index":395,"scopes":["SUB_PROJECTS","PROJECT"],"types":["DEX_ARCHIVE"],"format":"DIRECTORY","present":true},{"name":"slice_1","index":396,"scopes":["SUB_PROJECTS","PROJECT"],"types":["DEX_ARCHIVE"],"format":"DIRECTORY","present":true},{"name":"slice_2","index":397,"scopes":["SUB_PROJECTS","PROJECT"],"types":["DEX_ARCHIVE"],"format":"DIRECTORY","present":true},{"name":"slice_3","index":398,"scopes":["SUB_PROJECTS","PROJECT"],"types":["DEX_ARCHIVE"],"format":"DIRECTORY","present":true},{"name":"slice_4","index":399,"scopes":["SUB_PROJECTS","PROJECT"],"types":["DEX_ARCHIVE"],"format":"DIRECTORY","present":true},{"name":"slice_5","index":400,"scopes":["SUB_PROJECTS","PROJECT"],"types":["DEX_ARCHIVE"],"format":"DIRECTORY","present":true},{"name":"slice_6","index":401,"scopes":["SUB_PROJECTS","PROJECT"],"types":["DEX_ARCHIVE"],"format":"DIRECTORY","present":true},{"name":"slice_7","index":402,"scopes":["SUB_PROJECTS","PROJECT"],"types":["DEX_ARCHIVE"],"format":"DIRECTORY","present":true},{"name":"slice_8","index":403,"scopes":["SUB_PROJECTS","PROJECT"],"types":["DEX_ARCHIVE"],"format":"DIRECTORY","present":true},{"name":"slice_9","index":404,"scopes":["SUB_PROJECTS","PROJECT"],"types":["DEX_ARCHIVE"],"format":"DIRECTORY","present":true},{"name":"C:\\Users\\jakem\\Documents\\QHacksv4\\app\\build\\intermediates\\incremental-runtime-classes\\debug\\instant-run.jar-0","index":405,"scopes":["MAIN_SPLIT"],"types":["DEX_ARCHIVE"],"format":"JAR","present":true},{"name":"C:\\Users\\jakem\\Documents\\QHacksv4\\app\\build\\intermediates\\incremental-runtime-classes\\debug\\instant-run.jar-1","index":406,"scopes":["MAIN_SPLIT"],"types":["DEX_ARCHIVE"],"format":"JAR","present":true},{"name":"C:\\Users\\jakem\\Documents\\QHacksv4\\app\\build\\intermediates\\incremental-runtime-classes\\debug\\instant-run.jar-2","index":407,"scopes":["MAIN_SPLIT"],"types":["DEX_ARCHIVE"],"format":"JAR","present":true},{"name":"C:\\Users\\jakem\\Documents\\QHacksv4\\app\\build\\intermediates\\incremental-runtime-classes\\debug\\instant-run.jar-3","index":408,"scopes":["MAIN_SPLIT"],"types":["DEX_ARCHIVE"],"format":"JAR","present":true},{"name":"C:\\Users\\jakem\\Documents\\QHacksv4\\app\\build\\intermediates\\incremental-runtime-classes\\debug\\instant-run.jar-4","index":409,"scopes":["MAIN_SPLIT"],"types":["DEX_ARCHIVE"],"format":"JAR","present":true},{"name":"C:\\Users\\jakem\\Documents\\QHacksv4\\app\\build\\intermediates\\incremental-runtime-classes\\debug\\instant-run.jar-5","index":410,"scopes":["MAIN_SPLIT"],"types":["DEX_ARCHIVE"],"format":"JAR","present":true},{"name":"C:\\Users\\jakem\\Documents\\QHacksv4\\app\\build\\intermediates\\incremental-runtime-classes\\debug\\instant-run.jar-6","index":411,"scopes":["MAIN_SPLIT"],"types":["DEX_ARCHIVE"],"format":"JAR","present":true},{"name":"C:\\Users\\jakem\\Documents\\QHacksv4\\app\\build\\intermediates\\incremental-runtime-classes\\debug\\instant-run.jar-7","index":412,"scopes":["MAIN_SPLIT"],"types":["DEX_ARCHIVE"],"format":"JAR","present":true},{"name":"C:\\Users\\jakem\\Documents\\QHacksv4\\app\\build\\intermediates\\incremental-runtime-classes\\debug\\instant-run.jar-8","index":413,"scopes":["MAIN_SPLIT"],"types":["DEX_ARCHIVE"],"format":"JAR","present":true},{"name":"C:\\Users\\jakem\\Documents\\QHacksv4\\app\\build\\intermediates\\incremental-runtime-classes\\debug\\instant-run.jar-9","index":414,"scopes":["MAIN_SPLIT"],"types":["DEX_ARCHIVE"],"format":"JAR","present":true},{"name":"C:\\Users\\jakem\\Documents\\QHacksv4\\app\\build\\intermediates\\instant_run_app_info_output_file\\debug\\generateDebugInstantRunAppInfo\\instant-run-bootstrap.jar-1","index":416,"scopes":["MAIN_SPLIT"],"types":["DEX_ARCHIVE"],"format":"JAR","present":true}]